OrderID,ProductID,SupplierName,OrderDate,ExpectedDeliveryDate,ActualDeliveryDate,QuantityOrdered,QuantityReceived,DefectQuantity,OrderStatus
ORD00001,PRD009,Nexus Logistics,2025-11-29,2025-12-02,2025-12-02,500,500,0,Delivered
ORD00002,PRD014,Nexus Logistics,2026-03-28,2026-04-02,2026-04-01,500,500,0,Delivered
ORD00003,PRD005,Global Screen Supply,2025-12-23,2025-12-28,2025-12-28,50,50,0,Delivered
ORD00004,PRD002,Stellar Packing Ltd,2025-09-04,2025-09-09,2025-09-09,50,50,0,Delivered
ORD00005,PRD020,Apex Component Ltd,2026-02-24,2026-03-10,2026-03-10,1000,1000,0,Delivered
ORD00006,PRD015,Prime Battery Corp,2025-08-31,2025-09-03,2025-09-03,500,500,0,Delivered
ORD00007,PRD008,Prime Battery Corp,2025-12-17,2025-12-22,2025-12-22,500,500,0,Delivered
ORD00008,PRD005,Prime Battery Corp,2025-09-22,2025-09-25,2025-09-25,1000,1000,0,Delivered
ORD00009,PRD009,Apex Component Ltd,2025-09-10,2025-09-20,,250,0,0,Cancelled
ORD00010,PRD011,Global Screen Supply,2026-06-16,2026-06-23,2026-06-23,100,100,0,Delivered
ORD00011,PRD018,Apex Component Ltd,2026-01-30,2026-02-13,2026-02-11,1000,1000,0,Delivered
ORD00012,PRD012,Stellar Packing Ltd,2026-02-18,2026-03-04,2026-03-04,100,100,0,Delivered
ORD00013,PRD014,Global Screen Supply,2025-12-08,2025-12-13,2025-12-21,50,50,0,Delivered
ORD00014,PRD001,Global Screen Supply,2026-02-14,2026-02-21,2026-02-21,250,250,0,Delivered
ORD00015,PRD004,Prime Battery Corp,2025-10-24,2025-11-07,,250,0,0,Cancelled
ORD00016,PRD020,Nexus Logistics,2026-01-17,2026-01-24,2026-01-24,500,500,0,Delivered
ORD00017,PRD012,Nexus Logistics,2025-08-29,2025-09-05,2025-09-05,1000,1000,0,Delivered
ORD00018,PRD018,Global Screen Supply,2025-10-31,2025-11-10,2025-11-10,500,500,0,Delivered
ORD00019,PRD014,Stellar Packing Ltd,2026-05-31,2026-06-07,2026-06-07,500,500,0,Delivered
ORD00020,PRD003,Global Screen Supply,2026-07-04,2026-07-11,2026-07-10,100,100,0,Delivered
ORD00021,PRD013,Nexus Logistics,2026-02-14,2026-02-19,2026-02-21,100,100,0,Delivered
ORD00022,PRD018,Global Screen Supply,2025-09-25,2025-10-05,2025-10-05,100,100,0,Delivered
ORD00023,PRD018,Nexus Logistics,2025-10-14,2025-10-24,2025-10-24,500,500,0,Delivered
ORD00024,PRD008,Prime Battery Corp,2026-01-12,2026-01-19,2026-01-17,1000,1000,0,Delivered
ORD00025,PRD002,Global Screen Supply,2026-02-25,2026-03-07,2026-03-14,1000,1000,0,Delivered
ORD00026,PRD018,Stellar Packing Ltd,2026-05-29,2026-06-03,2026-06-03,500,500,16,Delivered
ORD00027,PRD013,Stellar Packing Ltd,2026-05-09,2026-05-12,2026-05-10,50,50,0,Delivered
ORD00028,PRD009,Nexus Logistics,2025-12-01,2025-12-04,,500,0,0,Cancelled
ORD00029,PRD018,Apex Component Ltd,2026-01-20,2026-01-25,2026-01-25,50,50,0,Delivered
ORD00030,PRD016,Apex Component Ltd,2026-05-09,2026-05-14,2026-05-14,500,500,0,Delivered
ORD00031,PRD010,Stellar Packing Ltd,2026-07-06,2026-07-16,2026-07-13,500,500,0,Delivered
ORD00032,PRD019,Apex Component Ltd,2026-01-18,2026-02-01,2026-02-07,500,500,19,Delivered
ORD00033,PRD005,Nexus Logistics,2025-10-23,2025-11-06,2025-11-06,250,250,0,Delivered
ORD00034,PRD003,Prime Battery Corp,2026-03-12,2026-03-17,2026-03-17,500,500,0,Delivered
ORD00035,PRD011,Prime Battery Corp,2026-05-26,2026-06-02,,1000,0,0,Cancelled
ORD00036,PRD007,Apex Component Ltd,2025-11-25,2025-12-05,2025-12-05,500,500,0,Delivered
ORD00037,PRD008,Prime Battery Corp,2026-06-29,2026-07-13,2026-07-13,250,250,0,Delivered
ORD00038,PRD004,Global Screen Supply,2026-01-02,2026-01-05,2026-01-05,1000,1000,0,Delivered
ORD00039,PRD004,Global Screen Supply,2025-12-23,2025-12-28,2025-12-31,250,250,0,Delivered
ORD00040,PRD004,Apex Component Ltd,2026-05-14,2026-05-21,2026-05-21,500,500,0,Delivered
ORD00041,PRD016,Apex Component Ltd,2026-05-16,2026-05-19,2026-05-19,100,100,0,Delivered
ORD00042,PRD017,Nexus Logistics,2026-03-12,2026-03-22,2026-03-22,250,250,0,Delivered
ORD00043,PRD007,Prime Battery Corp,2026-06-28,2026-07-01,2026-07-01,100,100,0,Delivered
ORD00044,PRD010,Prime Battery Corp,2026-07-19,2026-07-29,2026-07-29,50,50,0,Delivered
ORD00045,PRD005,Apex Component Ltd,2025-08-24,2025-08-29,2025-08-29,250,250,0,Delivered
ORD00046,PRD017,Stellar Packing Ltd,2026-04-03,2026-04-13,2026-04-13,50,50,0,Delivered
ORD00047,PRD009,Stellar Packing Ltd,2025-08-14,2025-08-19,2025-08-19,500,500,0,Delivered
ORD00048,PRD014,Prime Battery Corp,2026-01-05,2026-01-08,2026-01-08,100,100,0,Delivered
ORD00049,PRD009,Prime Battery Corp,2025-09-22,2025-10-02,2025-10-10,1000,1000,0,Delivered
ORD00050,PRD002,Global Screen Supply,2025-12-08,2025-12-22,2025-12-22,100,100,0,Delivered
ORD00051,PRD010,Stellar Packing Ltd,2025-08-01,2025-08-15,2025-08-15,500,500,0,Delivered
ORD00052,PRD017,Prime Battery Corp,2026-02-22,2026-03-04,2026-03-04,500,500,0,Delivered
ORD00053,PRD011,Stellar Packing Ltd,2025-12-08,2025-12-11,2025-12-11,250,250,0,Delivered
ORD00054,PRD018,Stellar Packing Ltd,2026-02-03,2026-02-13,2026-02-13,250,250,0,Delivered
ORD00055,PRD013,Nexus Logistics,2026-06-29,2026-07-04,2026-07-01,500,500,0,Delivered
ORD00056,PRD001,Global Screen Supply,2026-02-19,2026-02-24,2026-02-24,50,50,0,Delivered
ORD00057,PRD011,Nexus Logistics,2026-04-28,2026-05-01,2026-05-01,1000,1000,0,Delivered
ORD00058,PRD015,Global Screen Supply,2026-07-15,2026-07-22,,50,0,0,Cancelled
ORD00059,PRD002,Prime Battery Corp,2026-01-24,2026-01-31,2026-01-31,500,500,0,Delivered
ORD00060,PRD016,Stellar Packing Ltd,2025-10-06,2025-10-11,2025-10-11,500,500,0,Delivered
ORD00061,PRD012,Stellar Packing Ltd,2025-12-25,2026-01-04,2026-01-04,250,250,0,Delivered
ORD00062,PRD010,Apex Component Ltd,2026-06-27,2026-07-07,,250,0,0,Cancelled
ORD00063,PRD002,Stellar Packing Ltd,2026-04-05,2026-04-12,2026-04-12,100,100,0,Delivered
ORD00064,PRD004,Apex Component Ltd,2025-12-30,2026-01-09,2026-01-09,50,50,0,Delivered
ORD00065,PRD017,Stellar Packing Ltd,2025-12-11,2025-12-16,2025-12-16,250,250,0,Delivered
ORD00066,PRD005,Global Screen Supply,2026-07-06,2026-07-16,2026-07-16,1000,1000,47,Delivered
ORD00067,PRD012,Apex Component Ltd,2026-07-05,2026-07-10,,500,0,0,Cancelled
ORD00068,PRD018,Prime Battery Corp,2026-06-02,2026-06-07,2026-06-07,50,50,0,Delivered
ORD00069,PRD004,Apex Component Ltd,2025-11-22,2025-12-06,2025-12-06,100,100,0,Delivered
ORD00070,PRD016,Stellar Packing Ltd,2026-02-18,2026-02-25,2026-02-25,50,50,0,Delivered
ORD00071,PRD002,Nexus Logistics,2025-12-13,2025-12-18,2025-12-18,50,50,0,Delivered
ORD00072,PRD008,Global Screen Supply,2026-05-10,2026-05-15,2026-05-15,50,50,0,Delivered
ORD00073,PRD009,Global Screen Supply,2025-09-29,2025-10-13,2025-10-14,250,250,0,Delivered
ORD00074,PRD009,Apex Component Ltd,2025-09-27,2025-10-07,2025-10-15,1000,1000,0,Delivered
ORD00075,PRD015,Apex Component Ltd,2025-08-25,2025-09-04,2025-09-12,500,500,7,Delivered
ORD00076,PRD013,Stellar Packing Ltd,2026-04-22,2026-04-29,2026-04-29,500,500,0,Delivered
ORD00077,PRD014,Nexus Logistics,2025-11-18,2025-11-28,2025-11-28,250,250,0,Delivered
ORD00078,PRD016,Apex Component Ltd,2025-09-09,2025-09-12,2025-09-12,50,50,0,Delivered
ORD00079,PRD004,Nexus Logistics,2026-01-22,2026-02-01,2026-02-01,50,50,0,Delivered
ORD00080,PRD018,Prime Battery Corp,2025-09-21,2025-09-28,2025-09-28,1000,1000,0,Delivered
ORD00081,PRD006,Prime Battery Corp,2026-07-19,2026-07-26,2026-07-25,250,250,0,Delivered
ORD00082,PRD017,Global Screen Supply,2026-02-02,2026-02-12,2026-02-12,500,500,0,Delivered
ORD00083,PRD003,Prime Battery Corp,2026-03-08,2026-03-18,2026-03-18,500,500,0,Delivered
ORD00084,PRD017,Prime Battery Corp,2025-08-17,2025-08-22,2025-08-26,500,500,0,Delivered
ORD00085,PRD001,Nexus Logistics,2026-03-02,2026-03-07,2026-03-07,100,100,0,Delivered
ORD00086,PRD015,Apex Component Ltd,2026-01-01,2026-01-15,2026-01-15,500,500,0,Delivered
ORD00087,PRD012,Apex Component Ltd,2026-03-05,2026-03-08,2026-03-08,100,100,7,Delivered
ORD00088,PRD017,Stellar Packing Ltd,2025-11-01,2025-11-08,2025-11-08,250,250,0,Delivered
ORD00089,PRD003,Global Screen Supply,2026-06-11,2026-06-21,2026-06-21,500,500,0,Delivered
ORD00090,PRD016,Nexus Logistics,2026-06-13,2026-06-20,2026-06-20,250,250,10,Delivered
ORD00091,PRD020,Stellar Packing Ltd,2026-04-10,2026-04-20,2026-04-20,500,500,0,Delivered
ORD00092,PRD020,Nexus Logistics,2026-04-07,2026-04-12,2026-04-12,50,50,0,Delivered
ORD00093,PRD015,Stellar Packing Ltd,2026-04-18,2026-05-02,2026-05-02,100,100,0,Delivered
ORD00094,PRD003,Prime Battery Corp,2025-09-11,2025-09-25,2025-09-25,500,500,0,Delivered
ORD00095,PRD010,Nexus Logistics,2025-09-29,2025-10-13,2025-10-13,50,50,0,Delivered
ORD00096,PRD014,Stellar Packing Ltd,2026-01-26,2026-01-29,2026-01-29,250,250,0,Delivered
ORD00097,PRD004,Stellar Packing Ltd,2026-04-27,2026-05-11,2026-05-11,50,50,0,Delivered
ORD00098,PRD015,Apex Component Ltd,2026-02-20,2026-02-27,2026-02-27,100,100,0,Delivered
ORD00099,PRD007,Prime Battery Corp,2026-07-07,2026-07-21,2026-07-21,500,500,0,Delivered
ORD00100,PRD009,Apex Component Ltd,2026-06-18,2026-06-28,2026-06-30,250,250,0,Delivered
ORD00101,PRD003,Global Screen Supply,2026-03-12,2026-03-19,2026-03-19,50,50,0,Delivered
ORD00102,PRD011,Global Screen Supply,2025-10-03,2025-10-06,2025-10-06,250,250,0,Delivered
ORD00103,PRD007,Global Screen Supply,2026-05-01,2026-05-15,2026-05-15,1000,1000,0,Delivered
ORD00104,PRD003,Apex Component Ltd,2026-04-06,2026-04-20,,1000,0,0,Cancelled
ORD00105,PRD017,Stellar Packing Ltd,2025-11-25,2025-11-30,2025-11-30,250,250,0,Delivered
ORD00106,PRD003,Stellar Packing Ltd,2026-04-29,2026-05-13,2026-05-13,1000,1000,0,Delivered
ORD00107,PRD012,Global Screen Supply,2026-06-26,2026-06-29,2026-06-29,1000,1000,48,Delivered
ORD00108,PRD006,Global Screen Supply,2025-08-26,2025-09-05,2025-09-09,50,50,0,Delivered
ORD00109,PRD009,Apex Component Ltd,2026-06-21,2026-06-26,2026-06-26,250,250,0,Delivered
ORD00110,PRD015,Nexus Logistics,2026-01-14,2026-01-19,2026-01-19,500,500,0,Delivered
ORD00111,PRD018,Prime Battery Corp,2026-01-05,2026-01-08,2026-01-08,50,50,0,Delivered
ORD00112,PRD020,Nexus Logistics,2025-12-12,2025-12-15,2025-12-15,50,50,0,Delivered
ORD00113,PRD002,Global Screen Supply,2025-08-28,2025-09-02,2025-09-02,250,250,5,Delivered
ORD00114,PRD017,Prime Battery Corp,2026-02-13,2026-02-20,2026-02-23,250,250,0,Delivered
ORD00115,PRD007,Stellar Packing Ltd,2025-12-18,2025-12-28,2025-12-28,100,100,0,Delivered
ORD00116,PRD012,Apex Component Ltd,2026-05-02,2026-05-16,2026-05-16,250,250,0,Delivered
ORD00117,PRD005,Global Screen Supply,2026-04-03,2026-04-06,2026-04-06,250,250,0,Delivered
ORD00118,PRD017,Nexus Logistics,2026-02-19,2026-03-05,2026-03-05,50,50,2,Delivered
ORD00119,PRD005,Nexus Logistics,2026-04-08,2026-04-11,2026-04-11,50,50,0,Delivered
ORD00120,PRD009,Global Screen Supply,2026-06-15,2026-06-29,2026-06-29,250,250,0,Delivered
ORD00121,PRD019,Apex Component Ltd,2025-08-08,2025-08-11,2025-08-11,50,50,0,Delivered
ORD00122,PRD018,Prime Battery Corp,2026-06-18,2026-06-25,2026-06-25,500,500,0,Delivered
ORD00123,PRD015,Global Screen Supply,2026-01-15,2026-01-29,2026-01-29,100,100,0,Delivered
ORD00124,PRD011,Global Screen Supply,2026-03-20,2026-03-23,2026-03-22,250,250,0,Delivered
ORD00125,PRD011,Stellar Packing Ltd,2026-01-01,2026-01-06,2026-01-06,100,100,0,Delivered
ORD00126,PRD008,Global Screen Supply,2026-05-19,2026-05-26,2026-05-26,50,50,0,Delivered
ORD00127,PRD009,Prime Battery Corp,2026-02-16,2026-02-23,2026-02-23,50,50,0,Delivered
ORD00128,PRD020,Stellar Packing Ltd,2025-09-23,2025-09-28,2025-09-28,50,50,0,Delivered
ORD00129,PRD002,Apex Component Ltd,2025-10-03,2025-10-10,2025-10-07,500,500,0,Delivered
ORD00130,PRD019,Prime Battery Corp,2026-04-10,2026-04-24,2026-04-24,1000,1000,0,Delivered
ORD00131,PRD001,Stellar Packing Ltd,2026-03-24,2026-03-31,2026-03-31,1000,1000,0,Delivered
ORD00132,PRD005,Global Screen Supply,2025-08-10,2025-08-24,2025-08-24,50,50,0,Delivered
ORD00133,PRD002,Global Screen Supply,2026-04-16,2026-04-21,2026-04-21,1000,1000,0,Delivered
ORD00134,PRD009,Stellar Packing Ltd,2026-03-29,2026-04-03,2026-04-03,100,100,0,Delivered
ORD00135,PRD011,Nexus Logistics,2026-01-19,2026-02-02,2026-02-02,250,250,0,Delivered
ORD00136,PRD002,Prime Battery Corp,2026-07-25,2026-07-28,2026-07-28,250,250,0,Delivered
ORD00137,PRD005,Apex Component Ltd,2026-06-05,2026-06-19,2026-06-19,100,100,0,Delivered
ORD00138,PRD005,Apex Component Ltd,2026-05-02,2026-05-07,2026-05-07,500,500,0,Delivered
ORD00139,PRD003,Stellar Packing Ltd,2025-11-20,2025-12-04,2025-12-03,50,50,0,Delivered
ORD00140,PRD002,Apex Component Ltd,2025-12-24,2026-01-07,2026-01-07,1000,1000,0,Delivered
ORD00141,PRD007,Apex Component Ltd,2026-01-10,2026-01-15,2026-01-15,500,500,16,Delivered
ORD00142,PRD014,Stellar Packing Ltd,2026-01-08,2026-01-11,2026-01-10,500,500,0,Delivered
ORD00143,PRD011,Prime Battery Corp,2026-05-19,2026-06-02,2026-06-02,50,50,0,Delivered
ORD00144,PRD004,Prime Battery Corp,2026-01-29,2026-02-12,2026-02-11,100,100,0,Delivered
ORD00145,PRD008,Stellar Packing Ltd,2025-09-04,2025-09-18,2025-09-18,500,500,0,Delivered
ORD00146,PRD006,Prime Battery Corp,2026-04-17,2026-04-27,2026-04-27,50,50,0,Delivered
ORD00147,PRD019,Apex Component Ltd,2026-05-07,2026-05-17,2026-05-17,250,250,0,Delivered
ORD00148,PRD018,Apex Component Ltd,2025-08-29,2025-09-08,2025-09-07,50,50,0,Delivered
ORD00149,PRD013,Apex Component Ltd,2026-07-09,2026-07-23,2026-07-23,100,100,0,Delivered
ORD00150,PRD001,Prime Battery Corp,2026-03-19,2026-04-02,2026-04-02,500,500,0,Delivered
ORD00151,PRD002,Nexus Logistics,2026-06-04,2026-06-07,2026-06-08,100,100,0,Delivered
ORD00152,PRD002,Global Screen Supply,2026-04-08,2026-04-15,2026-04-15,100,100,0,Delivered
ORD00153,PRD014,Prime Battery Corp,2025-12-12,2025-12-15,2025-12-15,1000,1000,0,Delivered
ORD00154,PRD017,Prime Battery Corp,2026-07-16,2026-07-26,2026-07-26,500,500,0,Delivered
ORD00155,PRD015,Apex Component Ltd,2026-05-08,2026-05-18,2026-05-17,500,500,0,Delivered
ORD00156,PRD018,Global Screen Supply,2025-08-20,2025-08-27,2025-08-27,500,500,0,Delivered
ORD00157,PRD016,Global Screen Supply,2026-01-11,2026-01-18,2026-01-15,50,50,0,Delivered
ORD00158,PRD008,Stellar Packing Ltd,2026-01-05,2026-01-12,2026-01-12,500,500,0,Delivered
ORD00159,PRD011,Global Screen Supply,2026-01-30,2026-02-06,,500,0,0,Cancelled
ORD00160,PRD008,Global Screen Supply,2025-08-02,2025-08-09,2025-08-09,1000,1000,0,Delivered
ORD00161,PRD016,Stellar Packing Ltd,2026-06-25,2026-07-02,2026-07-02,250,250,0,Delivered
ORD00162,PRD018,Nexus Logistics,2025-10-27,2025-11-10,2025-11-10,50,50,3,Delivered
ORD00163,PRD003,Global Screen Supply,2025-07-29,2025-08-03,2025-08-11,1000,1000,0,Delivered
ORD00164,PRD018,Prime Battery Corp,2025-08-02,2025-08-16,2025-08-16,500,500,0,Delivered
ORD00165,PRD012,Prime Battery Corp,2026-02-13,2026-02-16,2026-02-16,250,250,0,Delivered
ORD00166,PRD003,Nexus Logistics,2026-02-04,2026-02-14,2026-02-14,1000,1000,0,Delivered
ORD00167,PRD017,Apex Component Ltd,2025-11-19,2025-11-24,2025-11-26,1000,1000,0,Delivered
ORD00168,PRD001,Global Screen Supply,2026-05-21,2026-05-26,2026-05-26,500,500,0,Delivered
ORD00169,PRD003,Stellar Packing Ltd,2026-01-18,2026-01-21,2026-01-21,50,50,0,Delivered
ORD00170,PRD016,Global Screen Supply,2026-01-23,2026-02-06,2026-02-06,500,500,0,Delivered
ORD00171,PRD003,Prime Battery Corp,2025-10-11,2025-10-21,2025-10-21,100,100,0,Delivered
ORD00172,PRD005,Apex Component Ltd,2025-10-28,2025-11-07,2025-11-07,500,500,0,Delivered
ORD00173,PRD013,Apex Component Ltd,2025-12-21,2025-12-31,2025-12-31,500,500,0,Delivered
ORD00174,PRD009,Prime Battery Corp,2025-12-09,2025-12-19,2025-12-19,100,100,0,Delivered
ORD00175,PRD020,Stellar Packing Ltd,2025-11-02,2025-11-12,2025-11-19,50,50,0,Delivered
ORD00176,PRD010,Prime Battery Corp,2026-05-29,2026-06-03,2026-06-03,500,500,0,Delivered
ORD00177,PRD011,Nexus Logistics,2025-12-15,2025-12-25,2025-12-25,250,250,0,Delivered
ORD00178,PRD007,Nexus Logistics,2025-12-21,2025-12-24,2025-12-22,500,500,0,Delivered
ORD00179,PRD019,Nexus Logistics,2026-04-24,2026-05-08,2026-05-08,500,500,0,Delivered
ORD00180,PRD020,Apex Component Ltd,2026-05-09,2026-05-19,2026-05-19,250,250,7,Delivered
ORD00181,PRD012,Apex Component Ltd,2026-03-29,2026-04-01,2026-04-01,250,250,0,Delivered
ORD00182,PRD012,Nexus Logistics,2025-09-12,2025-09-22,2025-09-22,500,500,0,Delivered
ORD00183,PRD008,Stellar Packing Ltd,2025-10-22,2025-11-05,2025-11-05,100,100,0,Delivered
ORD00184,PRD001,Stellar Packing Ltd,2025-11-03,2025-11-13,2025-11-17,1000,1000,0,Delivered
ORD00185,PRD011,Global Screen Supply,2026-03-16,2026-03-19,2026-03-19,250,250,0,Delivered
ORD00186,PRD012,Nexus Logistics,2026-06-06,2026-06-11,2026-06-11,250,250,0,Delivered
ORD00187,PRD017,Nexus Logistics,2026-02-24,2026-03-10,2026-03-10,100,100,0,Delivered
ORD00188,PRD015,Stellar Packing Ltd,2025-08-21,2025-08-28,2025-08-26,50,50,0,Delivered
ORD00189,PRD016,Global Screen Supply,2025-09-05,2025-09-19,2025-09-19,50,50,1,Delivered
ORD00190,PRD018,Stellar Packing Ltd,2025-09-20,2025-10-04,2025-10-04,50,50,0,Delivered
ORD00191,PRD004,Global Screen Supply,2025-12-24,2025-12-27,2025-12-27,500,500,0,Delivered
ORD00192,PRD020,Nexus Logistics,2025-10-17,2025-10-31,2025-10-31,100,100,0,Delivered
ORD00193,PRD010,Stellar Packing Ltd,2025-12-08,2025-12-22,2025-12-22,50,50,0,Delivered
ORD00194,PRD008,Global Screen Supply,2026-07-24,2026-07-31,2026-07-31,100,100,0,Delivered
ORD00195,PRD013,Stellar Packing Ltd,2025-12-14,2025-12-21,2025-12-21,500,500,32,Delivered
ORD00196,PRD003,Stellar Packing Ltd,2026-02-13,2026-02-18,2026-02-18,500,500,0,Delivered
ORD00197,PRD011,Apex Component Ltd,2025-08-17,2025-08-20,,500,0,0,Cancelled
ORD00198,PRD006,Nexus Logistics,2026-03-15,2026-03-18,2026-03-18,500,500,0,Delivered
ORD00199,PRD009,Apex Component Ltd,2026-01-31,2026-02-05,2026-02-05,50,50,0,Delivered
ORD00200,PRD016,Apex Component Ltd,2025-09-30,2025-10-14,2025-10-14,100,100,3,Delivered
ORD00201,PRD008,Nexus Logistics,2025-09-08,2025-09-11,2025-09-11,50,50,0,Delivered
ORD00202,PRD020,Global Screen Supply,2026-03-07,2026-03-14,2026-03-12,100,100,0,Delivered
ORD00203,PRD019,Nexus Logistics,2026-01-20,2026-01-30,2026-01-30,250,250,0,Delivered
ORD00204,PRD010,Global Screen Supply,2026-04-16,2026-04-30,2026-04-30,1000,1000,0,Delivered
ORD00205,PRD017,Apex Component Ltd,2026-01-25,2026-02-01,2026-02-01,100,100,0,Delivered
ORD00206,PRD019,Apex Component Ltd,2025-08-01,2025-08-08,,100,0,0,Cancelled
ORD00207,PRD002,Nexus Logistics,2026-04-10,2026-04-17,2026-04-17,1000,1000,0,Delivered
ORD00208,PRD005,Stellar Packing Ltd,2026-01-08,2026-01-18,2026-01-18,1000,1000,0,Delivered
ORD00209,PRD002,Global Screen Supply,2025-09-07,2025-09-17,2025-09-17,50,50,0,Delivered
ORD00210,PRD016,Prime Battery Corp,2026-04-18,2026-05-02,2026-04-30,250,250,0,Delivered
ORD00211,PRD017,Apex Component Ltd,2025-12-06,2025-12-20,2025-12-20,50,50,3,Delivered
ORD00212,PRD008,Stellar Packing Ltd,2025-07-26,2025-07-29,2025-07-29,50,50,0,Delivered
ORD00213,PRD008,Prime Battery Corp,2025-11-29,2025-12-09,2025-12-15,250,250,0,Delivered
ORD00214,PRD003,Nexus Logistics,2025-12-16,2025-12-23,2025-12-23,250,250,0,Delivered
ORD00215,PRD012,Stellar Packing Ltd,2026-04-03,2026-04-08,2026-04-08,1000,1000,38,Delivered
ORD00216,PRD011,Apex Component Ltd,2026-06-26,2026-07-06,2026-07-06,250,250,0,Delivered
ORD00217,PRD003,Apex Component Ltd,2025-11-20,2025-12-04,2025-12-04,500,500,0,Delivered
ORD00218,PRD003,Stellar Packing Ltd,2026-05-11,2026-05-14,2026-05-12,500,500,0,Delivered
ORD00219,PRD011,Nexus Logistics,2025-12-11,2025-12-16,2025-12-13,50,50,0,Delivered
ORD00220,PRD007,Nexus Logistics,2025-12-29,2026-01-08,2026-01-13,250,250,0,Delivered
ORD00221,PRD012,Nexus Logistics,2026-04-13,2026-04-16,2026-04-16,250,250,9,Delivered
ORD00222,PRD005,Apex Component Ltd,2025-07-31,2025-08-03,2025-08-03,100,100,0,Delivered
ORD00223,PRD003,Global Screen Supply,2026-06-20,2026-06-30,2026-06-30,100,100,0,Delivered
ORD00224,PRD013,Nexus Logistics,2025-08-09,2025-08-19,2025-08-19,500,500,0,Delivered
ORD00225,PRD010,Nexus Logistics,2026-02-20,2026-03-06,2026-03-06,500,500,0,Delivered
ORD00226,PRD013,Prime Battery Corp,2026-03-27,2026-04-10,2026-04-10,500,500,0,Delivered
ORD00227,PRD002,Nexus Logistics,2026-04-22,2026-04-29,2026-04-29,1000,1000,0,Delivered
ORD00228,PRD008,Stellar Packing Ltd,2026-02-08,2026-02-15,2026-02-15,100,100,0,Delivered
ORD00229,PRD019,Global Screen Supply,2026-04-03,2026-04-17,2026-04-18,250,250,0,Delivered
ORD00230,PRD005,Prime Battery Corp,2025-10-23,2025-10-30,,50,0,0,Cancelled
ORD00231,PRD019,Global Screen Supply,2025-09-19,2025-10-03,2025-10-03,250,250,0,Delivered
ORD00232,PRD014,Nexus Logistics,2026-06-22,2026-06-29,2026-06-29,100,100,0,Delivered
ORD00233,PRD010,Global Screen Supply,2025-10-23,2025-10-26,2025-10-26,1000,1000,0,Delivered
ORD00234,PRD019,Apex Component Ltd,2026-04-05,2026-04-10,2026-04-10,250,250,0,Delivered
ORD00235,PRD015,Apex Component Ltd,2025-12-07,2025-12-12,2025-12-12,100,100,0,Delivered
ORD00236,PRD014,Nexus Logistics,2026-02-03,2026-02-10,2026-02-10,1000,1000,0,Delivered
ORD00237,PRD001,Prime Battery Corp,2025-12-05,2025-12-08,2025-12-08,50,50,0,Delivered
ORD00238,PRD001,Nexus Logistics,2026-06-24,2026-06-29,2026-06-28,1000,1000,0,Delivered
ORD00239,PRD010,Prime Battery Corp,2025-11-23,2025-11-26,2025-11-26,50,50,0,Delivered
ORD00240,PRD007,Apex Component Ltd,2025-08-07,2025-08-12,2025-08-12,100,100,0,Delivered
ORD00241,PRD003,Stellar Packing Ltd,2026-02-08,2026-02-13,2026-02-13,250,250,0,Delivered
ORD00242,PRD005,Apex Component Ltd,2025-09-06,2025-09-13,2025-09-13,1000,1000,0,Delivered
ORD00243,PRD019,Global Screen Supply,2026-03-25,2026-04-01,2026-04-01,50,50,2,Delivered
ORD00244,PRD007,Global Screen Supply,2025-09-27,2025-09-30,2025-09-30,500,500,0,Delivered
ORD00245,PRD003,Nexus Logistics,2026-05-05,2026-05-15,2026-05-15,1000,1000,0,Delivered
ORD00246,PRD004,Nexus Logistics,2025-10-09,2025-10-14,2025-10-14,1000,1000,0,Delivered
ORD00247,PRD014,Prime Battery Corp,2026-02-06,2026-02-16,2026-02-21,1000,1000,0,Delivered
ORD00248,PRD002,Nexus Logistics,2025-12-09,2025-12-16,2025-12-16,50,50,0,Delivered
ORD00249,PRD005,Prime Battery Corp,2026-03-08,2026-03-15,2026-03-15,250,250,0,Delivered
ORD00250,PRD002,Stellar Packing Ltd,2025-10-14,2025-10-17,2025-10-17,250,250,0,Delivered
ORD00251,PRD008,Apex Component Ltd,2026-03-15,2026-03-18,2026-03-18,250,250,0,Delivered
ORD00252,PRD016,Stellar Packing Ltd,2026-03-10,2026-03-15,2026-03-15,500,500,0,Delivered
ORD00253,PRD002,Global Screen Supply,2026-05-13,2026-05-18,2026-05-18,100,100,0,Delivered
ORD00254,PRD016,Global Screen Supply,2026-06-21,2026-06-26,2026-06-26,1000,1000,0,Delivered
ORD00255,PRD012,Nexus Logistics,2025-12-01,2025-12-06,2025-12-06,500,500,0,Delivered
ORD00256,PRD018,Stellar Packing Ltd,2026-06-01,2026-06-08,2026-06-08,250,250,0,Delivered
ORD00257,PRD007,Global Screen Supply,2026-04-15,2026-04-20,2026-04-20,50,50,0,Delivered
ORD00258,PRD009,Nexus Logistics,2026-02-17,2026-02-27,2026-02-27,50,50,0,Delivered
ORD00259,PRD012,Stellar Packing Ltd,2025-12-25,2025-12-30,2026-01-02,1000,1000,0,Delivered
ORD00260,PRD012,Global Screen Supply,2025-12-29,2026-01-08,2026-01-08,250,250,0,Delivered
ORD00261,PRD016,Global Screen Supply,2026-04-07,2026-04-10,2026-04-10,500,500,0,Delivered
ORD00262,PRD005,Prime Battery Corp,2025-10-25,2025-10-28,2025-10-28,500,500,0,Delivered
ORD00263,PRD019,Global Screen Supply,2026-04-01,2026-04-04,2026-04-04,100,100,0,Delivered
ORD00264,PRD001,Prime Battery Corp,2026-04-22,2026-04-27,2026-04-27,50,50,0,Delivered
ORD00265,PRD006,Apex Component Ltd,2025-08-17,2025-08-24,2025-08-24,250,250,0,Delivered
ORD00266,PRD012,Global Screen Supply,2025-10-17,2025-10-27,2025-10-27,50,50,0,Delivered
ORD00267,PRD013,Prime Battery Corp,2026-04-24,2026-05-08,2026-05-10,50,50,0,Delivered
ORD00268,PRD018,Prime Battery Corp,2026-03-24,2026-03-29,2026-03-29,100,100,0,Delivered
ORD00269,PRD014,Apex Component Ltd,2026-04-12,2026-04-26,2026-04-26,50,50,0,Delivered
ORD00270,PRD014,Prime Battery Corp,2025-10-15,2025-10-18,2025-10-18,1000,1000,0,Delivered
ORD00271,PRD019,Nexus Logistics,2025-10-09,2025-10-12,2025-10-12,1000,1000,0,Delivered
ORD00272,PRD004,Global Screen Supply,2025-08-14,2025-08-21,2025-08-21,250,250,0,Delivered
ORD00273,PRD006,Prime Battery Corp,2026-01-24,2026-02-03,2026-02-03,1000,1000,0,Delivered
ORD00274,PRD013,Nexus Logistics,2026-02-25,2026-03-02,2026-03-02,50,50,0,Delivered
ORD00275,PRD006,Stellar Packing Ltd,2026-02-04,2026-02-11,,1000,0,0,Cancelled
ORD00276,PRD005,Nexus Logistics,2026-03-31,2026-04-03,2026-04-09,500,500,35,Delivered
ORD00277,PRD014,Global Screen Supply,2026-03-28,2026-04-04,2026-04-04,500,500,0,Delivered
ORD00278,PRD016,Global Screen Supply,2025-09-01,2025-09-11,2025-09-11,250,250,6,Delivered
ORD00279,PRD003,Nexus Logistics,2026-03-10,2026-03-17,2026-03-17,50,50,1,Delivered
ORD00280,PRD017,Stellar Packing Ltd,2025-11-07,2025-11-17,2025-11-21,250,250,0,Delivered
ORD00281,PRD015,Apex Component Ltd,2025-09-12,2025-09-17,2025-09-17,50,50,0,Delivered
ORD00282,PRD016,Global Screen Supply,2026-02-19,2026-02-22,2026-02-20,250,250,0,Delivered
ORD00283,PRD015,Nexus Logistics,2026-06-27,2026-07-11,2026-07-11,1000,1000,0,Delivered
ORD00284,PRD019,Global Screen Supply,2025-09-28,2025-10-01,2025-10-01,500,500,0,Delivered
ORD00285,PRD009,Nexus Logistics,2026-01-16,2026-01-23,2026-01-20,500,500,0,Delivered
ORD00286,PRD007,Global Screen Supply,2026-06-09,2026-06-16,2026-06-13,250,250,0,Delivered
ORD00287,PRD012,Stellar Packing Ltd,2026-03-27,2026-04-10,2026-04-10,1000,1000,0,Delivered
ORD00288,PRD001,Nexus Logistics,2025-10-07,2025-10-10,2025-10-10,50,50,0,Delivered
ORD00289,PRD007,Stellar Packing Ltd,2025-08-10,2025-08-17,2025-08-17,500,500,0,Delivered
ORD00290,PRD002,Nexus Logistics,2026-02-08,2026-02-18,2026-02-23,250,250,0,Delivered
ORD00291,PRD019,Stellar Packing Ltd,2026-05-29,2026-06-03,2026-05-31,100,100,7,Delivered
ORD00292,PRD006,Stellar Packing Ltd,2025-12-02,2025-12-05,2025-12-05,250,250,18,Delivered
ORD00293,PRD016,Stellar Packing Ltd,2026-05-02,2026-05-09,2026-05-09,50,50,0,Delivered
ORD00294,PRD003,Prime Battery Corp,2025-11-15,2025-11-20,2025-11-20,250,250,0,Delivered
ORD00295,PRD004,Prime Battery Corp,2026-03-10,2026-03-15,2026-03-15,1000,1000,71,Delivered
ORD00296,PRD001,Stellar Packing Ltd,2026-02-01,2026-02-15,2026-02-19,1000,1000,0,Delivered
ORD00297,PRD003,Global Screen Supply,2026-07-03,2026-07-08,2026-07-08,500,500,0,Delivered
ORD00298,PRD001,Nexus Logistics,2026-01-10,2026-01-13,2026-01-11,50,50,0,Delivered
ORD00299,PRD014,Prime Battery Corp,2025-08-02,2025-08-12,2025-08-12,50,50,0,Delivered
ORD00300,PRD010,Prime Battery Corp,2026-05-31,2026-06-03,2026-06-03,250,250,0,Delivered
ORD00301,PRD018,Prime Battery Corp,2026-06-14,2026-06-19,2026-06-19,250,250,0,Delivered
ORD00302,PRD004,Apex Component Ltd,2025-07-27,2025-08-10,2025-08-10,1000,1000,0,Delivered
ORD00303,PRD017,Global Screen Supply,2025-10-15,2025-10-20,2025-10-20,100,100,0,Delivered
ORD00304,PRD018,Apex Component Ltd,2025-12-20,2025-12-23,2025-12-23,250,250,0,Delivered
ORD00305,PRD020,Apex Component Ltd,2025-11-01,2025-11-08,2025-11-08,500,500,0,Delivered
ORD00306,PRD006,Apex Component Ltd,2026-01-01,2026-01-06,2026-01-06,100,100,0,Delivered
ORD00307,PRD015,Prime Battery Corp,2025-12-28,2026-01-07,2026-01-07,1000,1000,0,Delivered
ORD00308,PRD003,Apex Component Ltd,2025-08-03,2025-08-17,2025-08-17,50,50,0,Delivered
ORD00309,PRD005,Prime Battery Corp,2026-02-10,2026-02-15,2026-02-15,1000,1000,0,Delivered
ORD00310,PRD017,Global Screen Supply,2026-03-10,2026-03-15,2026-03-15,100,100,0,Delivered
ORD00311,PRD016,Global Screen Supply,2025-08-26,2025-09-02,2025-09-02,250,250,0,Delivered
ORD00312,PRD011,Apex Component Ltd,2026-07-20,2026-08-03,2026-08-03,250,250,0,Delivered
ORD00313,PRD017,Prime Battery Corp,2026-02-02,2026-02-07,2026-02-07,1000,1000,0,Delivered
ORD00314,PRD006,Global Screen Supply,2025-09-02,2025-09-16,2025-09-14,250,250,0,Delivered
ORD00315,PRD016,Nexus Logistics,2026-03-27,2026-04-01,2026-04-01,1000,1000,13,Delivered
ORD00316,PRD002,Global Screen Supply,2025-12-04,2025-12-09,2025-12-09,1000,1000,0,Delivered
ORD00317,PRD007,Nexus Logistics,2026-05-31,2026-06-10,2026-06-10,500,500,0,Delivered
ORD00318,PRD015,Stellar Packing Ltd,2026-05-23,2026-05-26,2026-05-25,100,100,0,Delivered
ORD00319,PRD018,Stellar Packing Ltd,2025-09-23,2025-09-26,2025-09-26,500,500,0,Delivered
ORD00320,PRD012,Apex Component Ltd,2026-07-17,2026-07-31,2026-07-31,500,500,0,Delivered
ORD00321,PRD014,Global Screen Supply,2025-12-02,2025-12-12,2025-12-19,100,100,0,Delivered
ORD00322,PRD017,Apex Component Ltd,2026-02-02,2026-02-07,2026-02-14,250,250,0,Delivered
ORD00323,PRD013,Global Screen Supply,2026-02-21,2026-03-07,2026-03-07,1000,1000,0,Delivered
ORD00324,PRD005,Apex Component Ltd,2025-11-19,2025-11-29,2025-11-29,100,100,0,Delivered
ORD00325,PRD005,Nexus Logistics,2026-05-28,2026-06-07,2026-06-07,50,50,0,Delivered
ORD00326,PRD020,Apex Component Ltd,2025-10-22,2025-11-01,,500,0,0,Cancelled
ORD00327,PRD017,Prime Battery Corp,2025-11-01,2025-11-04,2025-11-04,1000,1000,0,Delivered
ORD00328,PRD009,Nexus Logistics,2026-01-21,2026-01-31,2026-01-31,500,500,0,Delivered
ORD00329,PRD012,Prime Battery Corp,2025-11-17,2025-12-01,2025-12-01,100,100,2,Delivered
ORD00330,PRD017,Prime Battery Corp,2026-04-26,2026-05-10,2026-05-10,250,250,0,Delivered
ORD00331,PRD019,Apex Component Ltd,2026-03-28,2026-03-31,2026-03-31,250,250,0,Delivered
ORD00332,PRD009,Global Screen Supply,2025-12-19,2025-12-22,2025-12-22,500,500,37,Delivered
ORD00333,PRD007,Nexus Logistics,2025-11-04,2025-11-09,2025-11-09,100,100,0,Delivered
ORD00334,PRD003,Nexus Logistics,2026-06-04,2026-06-07,2026-06-07,1000,1000,0,Delivered
ORD00335,PRD016,Global Screen Supply,2026-04-12,2026-04-19,2026-04-19,500,500,32,Delivered
ORD00336,PRD015,Apex Component Ltd,2026-07-17,2026-07-31,2026-08-04,500,500,0,Delivered
ORD00337,PRD008,Prime Battery Corp,2026-03-23,2026-04-06,2026-04-06,250,250,0,Delivered
ORD00338,PRD019,Global Screen Supply,2025-09-14,2025-09-21,2025-09-21,100,100,0,Delivered
ORD00339,PRD017,Stellar Packing Ltd,2026-01-02,2026-01-12,2026-01-12,250,250,4,Delivered
ORD00340,PRD015,Prime Battery Corp,2025-12-05,2025-12-12,2025-12-12,250,250,0,Delivered
ORD00341,PRD019,Stellar Packing Ltd,2026-06-22,2026-07-06,2026-07-06,100,100,0,Delivered
ORD00342,PRD015,Global Screen Supply,2025-10-18,2025-10-25,2025-10-25,500,500,0,Delivered
ORD00343,PRD009,Stellar Packing Ltd,2026-06-20,2026-06-30,2026-06-30,250,250,0,Delivered
ORD00344,PRD009,Apex Component Ltd,2025-11-09,2025-11-14,2025-11-22,500,500,0,Delivered
ORD00345,PRD009,Stellar Packing Ltd,2025-10-12,2025-10-15,2025-10-15,500,500,0,Delivered
ORD00346,PRD011,Nexus Logistics,2026-03-21,2026-04-04,2026-04-01,250,250,0,Delivered
ORD00347,PRD012,Nexus Logistics,2026-04-27,2026-05-02,2026-05-02,50,50,0,Delivered
ORD00348,PRD012,Prime Battery Corp,2026-03-22,2026-04-05,2026-04-05,50,50,0,Delivered
ORD00349,PRD001,Stellar Packing Ltd,2026-02-01,2026-02-06,2026-02-06,500,500,0,Delivered
ORD00350,PRD017,Stellar Packing Ltd,2026-07-15,2026-07-22,2026-07-22,250,250,0,Delivered
ORD00351,PRD020,Nexus Logistics,2025-12-11,2025-12-25,2025-12-26,500,500,0,Delivered
ORD00352,PRD001,Global Screen Supply,2025-09-09,2025-09-14,2025-09-14,50,50,0,Delivered
ORD00353,PRD003,Global Screen Supply,2025-08-22,2025-08-29,2025-08-29,500,500,0,Delivered
ORD00354,PRD013,Nexus Logistics,2025-11-28,2025-12-01,2025-12-01,100,100,0,Delivered
ORD00355,PRD006,Apex Component Ltd,2026-05-02,2026-05-16,2026-05-16,50,50,0,Delivered
ORD00356,PRD011,Apex Component Ltd,2025-10-18,2025-10-25,2025-10-25,1000,1000,12,Delivered
ORD00357,PRD006,Nexus Logistics,2025-09-09,2025-09-23,2025-09-23,250,250,0,Delivered
ORD00358,PRD005,Nexus Logistics,2025-11-21,2025-11-28,2025-11-28,1000,1000,0,Delivered
ORD00359,PRD009,Apex Component Ltd,2026-03-30,2026-04-09,2026-04-09,1000,1000,0,Delivered
ORD00360,PRD003,Stellar Packing Ltd,2025-10-12,2025-10-22,2025-10-22,250,250,0,Delivered
ORD00361,PRD020,Global Screen Supply,2026-01-05,2026-01-08,2026-01-05,1000,1000,0,Delivered
ORD00362,PRD004,Stellar Packing Ltd,2026-06-27,2026-06-30,2026-06-29,50,50,0,Delivered
ORD00363,PRD016,Stellar Packing Ltd,2026-06-09,2026-06-23,,250,0,0,Cancelled
ORD00364,PRD008,Stellar Packing Ltd,2025-08-30,2025-09-02,2025-09-02,100,100,0,Delivered
ORD00365,PRD012,Apex Component Ltd,2026-06-05,2026-06-12,,1000,0,0,Cancelled
ORD00366,PRD003,Prime Battery Corp,2025-09-02,2025-09-07,2025-09-07,1000,1000,0,Delivered
ORD00367,PRD018,Stellar Packing Ltd,2026-02-22,2026-02-25,2026-02-25,1000,1000,0,Delivered
ORD00368,PRD006,Stellar Packing Ltd,2026-05-28,2026-06-07,2026-06-07,250,250,0,Delivered
ORD00369,PRD020,Global Screen Supply,2026-05-09,2026-05-23,2026-05-23,100,100,0,Delivered
ORD00370,PRD010,Stellar Packing Ltd,2025-08-02,2025-08-16,2025-08-16,100,100,0,Delivered
ORD00371,PRD018,Stellar Packing Ltd,2026-05-05,2026-05-19,2026-05-25,1000,1000,0,Delivered
ORD00372,PRD003,Stellar Packing Ltd,2026-02-14,2026-02-28,2026-02-28,100,100,0,Delivered
ORD00373,PRD020,Prime Battery Corp,2025-08-13,2025-08-27,2025-09-02,500,500,0,Delivered
ORD00374,PRD020,Apex Component Ltd,2026-06-14,2026-06-24,2026-06-27,50,50,0,Delivered
ORD00375,PRD020,Stellar Packing Ltd,2026-04-09,2026-04-12,2026-04-12,100,100,0,Delivered
ORD00376,PRD009,Apex Component Ltd,2026-02-14,2026-02-28,2026-02-27,500,500,0,Delivered
ORD00377,PRD008,Apex Component Ltd,2025-12-08,2025-12-18,2025-12-18,250,250,0,Delivered
ORD00378,PRD010,Global Screen Supply,2026-01-20,2026-02-03,2026-02-03,500,500,0,Delivered
ORD00379,PRD004,Apex Component Ltd,2025-11-26,2025-12-10,2025-12-10,100,100,5,Delivered
ORD00380,PRD007,Stellar Packing Ltd,2026-04-18,2026-04-25,2026-04-25,1000,1000,0,Delivered
ORD00381,PRD006,Apex Component Ltd,2025-12-17,2025-12-22,2025-12-22,1000,1000,0,Delivered
ORD00382,PRD004,Apex Component Ltd,2025-12-21,2025-12-31,2025-12-31,100,100,0,Delivered
ORD00383,PRD017,Nexus Logistics,2026-05-08,2026-05-11,2026-05-11,50,50,0,Delivered
ORD00384,PRD010,Global Screen Supply,2026-04-07,2026-04-14,2026-04-14,50,50,0,Delivered
ORD00385,PRD013,Global Screen Supply,2025-09-07,2025-09-17,2025-09-17,1000,1000,0,Delivered
ORD00386,PRD020,Prime Battery Corp,2026-03-11,2026-03-25,2026-03-22,100,100,0,Delivered
ORD00387,PRD014,Global Screen Supply,2026-06-25,2026-07-09,2026-07-09,100,100,0,Delivered
ORD00388,PRD011,Nexus Logistics,2026-02-20,2026-02-27,2026-02-27,500,500,0,Delivered
ORD00389,PRD020,Stellar Packing Ltd,2025-12-08,2025-12-22,2025-12-22,1000,1000,0,Delivered
ORD00390,PRD012,Global Screen Supply,2026-02-08,2026-02-18,2026-02-17,500,500,0,Delivered
ORD00391,PRD007,Apex Component Ltd,2025-10-23,2025-11-02,2025-11-02,1000,1000,0,Delivered
ORD00392,PRD011,Nexus Logistics,2026-06-03,2026-06-17,2026-06-17,1000,1000,0,Delivered
ORD00393,PRD008,Stellar Packing Ltd,2026-04-26,2026-05-06,2026-05-06,50,50,0,Delivered
ORD00394,PRD015,Global Screen Supply,2026-02-26,2026-03-05,2026-03-05,1000,1000,0,Delivered
ORD00395,PRD006,Stellar Packing Ltd,2026-07-16,2026-07-30,2026-07-30,100,100,4,Delivered
ORD00396,PRD004,Apex Component Ltd,2025-09-21,2025-10-01,2025-10-01,250,250,0,Delivered
ORD00397,PRD019,Global Screen Supply,2025-10-16,2025-10-21,2025-10-26,100,100,0,Delivered
ORD00398,PRD001,Stellar Packing Ltd,2025-12-01,2025-12-04,2025-12-04,500,500,0,Delivered
ORD00399,PRD015,Apex Component Ltd,2026-05-28,2026-06-11,2026-06-11,50,50,0,Delivered
ORD00400,PRD005,Apex Component Ltd,2026-07-01,2026-07-15,2026-07-15,1000,1000,39,Delivered
ORD00401,PRD015,Stellar Packing Ltd,2026-01-25,2026-01-28,2026-01-28,50,50,0,Delivered
ORD00402,PRD005,Apex Component Ltd,2026-07-15,2026-07-22,2026-07-22,250,250,0,Delivered
ORD00403,PRD016,Stellar Packing Ltd,2026-07-21,2026-07-28,2026-07-28,500,500,0,Delivered
ORD00404,PRD016,Global Screen Supply,2026-06-02,2026-06-07,2026-06-08,250,250,0,Delivered
ORD00405,PRD014,Apex Component Ltd,2026-01-11,2026-01-18,2026-01-18,1000,1000,0,Delivered
ORD00406,PRD001,Apex Component Ltd,2026-07-11,2026-07-18,2026-07-18,250,250,0,Delivered
ORD00407,PRD016,Apex Component Ltd,2026-06-20,2026-06-25,2026-06-25,500,500,0,Delivered
ORD00408,PRD017,Prime Battery Corp,2026-05-10,2026-05-17,2026-05-17,1000,1000,0,Delivered
ORD00409,PRD013,Stellar Packing Ltd,2025-10-17,2025-10-31,2025-10-31,1000,1000,0,Delivered
ORD00410,PRD003,Nexus Logistics,2025-11-23,2025-11-30,2025-11-30,500,500,0,Delivered
ORD00411,PRD015,Stellar Packing Ltd,2025-08-06,2025-08-16,2025-08-16,1000,1000,0,Delivered
ORD00412,PRD007,Apex Component Ltd,2026-03-17,2026-03-27,2026-03-27,1000,1000,69,Delivered
ORD00413,PRD001,Stellar Packing Ltd,2025-12-31,2026-01-05,2026-01-05,250,250,0,Delivered
ORD00414,PRD001,Stellar Packing Ltd,2026-05-07,2026-05-21,2026-05-21,50,50,0,Delivered
ORD00415,PRD003,Prime Battery Corp,2026-06-03,2026-06-10,2026-06-08,1000,1000,0,Delivered
ORD00416,PRD020,Stellar Packing Ltd,2026-06-12,2026-06-22,2026-06-22,1000,1000,0,Delivered
ORD00417,PRD003,Nexus Logistics,2025-09-12,2025-09-22,2025-09-22,250,250,0,Delivered
ORD00418,PRD012,Nexus Logistics,2025-10-26,2025-11-02,2025-11-10,250,250,0,Delivered
ORD00419,PRD017,Apex Component Ltd,2026-02-17,2026-02-20,2026-02-25,250,250,0,Delivered
ORD00420,PRD016,Nexus Logistics,2025-08-27,2025-09-03,2025-09-03,100,100,0,Delivered
ORD00421,PRD003,Stellar Packing Ltd,2026-03-31,2026-04-03,2026-04-03,1000,1000,0,Delivered
ORD00422,PRD020,Nexus Logistics,2026-01-08,2026-01-18,2026-01-18,50,50,0,Delivered
ORD00423,PRD013,Stellar Packing Ltd,2026-05-16,2026-05-26,2026-05-26,100,100,0,Delivered
ORD00424,PRD003,Stellar Packing Ltd,2025-07-29,2025-08-12,2025-08-10,1000,1000,73,Delivered
ORD00425,PRD010,Apex Component Ltd,2025-11-22,2025-12-02,2025-12-02,1000,1000,0,Delivered
ORD00426,PRD007,Stellar Packing Ltd,2026-02-06,2026-02-13,2026-02-13,500,500,0,Delivered
ORD00427,PRD014,Global Screen Supply,2025-09-06,2025-09-11,2025-09-11,500,500,0,Delivered
ORD00428,PRD013,Prime Battery Corp,2025-11-17,2025-11-22,2025-11-22,500,500,0,Delivered
ORD00429,PRD002,Apex Component Ltd,2026-05-11,2026-05-21,2026-05-21,250,250,0,Delivered
ORD00430,PRD015,Stellar Packing Ltd,2025-09-03,2025-09-17,2025-09-17,1000,1000,0,Delivered
ORD00431,PRD011,Stellar Packing Ltd,2025-07-30,2025-08-09,2025-08-09,500,500,0,Delivered
ORD00432,PRD002,Stellar Packing Ltd,2025-12-27,2026-01-10,2026-01-10,250,250,0,Delivered
ORD00433,PRD010,Nexus Logistics,2025-09-05,2025-09-10,2025-09-10,1000,1000,0,Delivered
ORD00434,PRD019,Global Screen Supply,2026-06-27,2026-07-07,2026-07-07,250,250,0,Delivered
ORD00435,PRD005,Stellar Packing Ltd,2025-10-11,2025-10-21,2025-10-21,500,500,0,Delivered
ORD00436,PRD004,Apex Component Ltd,2025-10-18,2025-10-28,2025-10-28,500,500,0,Delivered
ORD00437,PRD017,Nexus Logistics,2025-07-31,2025-08-07,2025-08-07,500,500,0,Delivered
ORD00438,PRD020,Prime Battery Corp,2026-01-12,2026-01-19,2026-01-19,250,250,0,Delivered
ORD00439,PRD017,Prime Battery Corp,2026-07-06,2026-07-11,2026-07-11,250,250,0,Delivered
ORD00440,PRD008,Prime Battery Corp,2025-11-30,2025-12-05,,50,0,0,Cancelled
ORD00441,PRD003,Apex Component Ltd,2026-05-25,2026-05-30,2026-05-30,1000,1000,0,Delivered
ORD00442,PRD004,Global Screen Supply,2025-12-01,2025-12-08,2025-12-16,500,500,0,Delivered
ORD00443,PRD009,Global Screen Supply,2025-08-31,2025-09-07,2025-09-07,50,50,3,Delivered
ORD00444,PRD020,Nexus Logistics,2025-10-24,2025-11-03,2025-11-03,50,50,0,Delivered
ORD00445,PRD003,Stellar Packing Ltd,2025-11-30,2025-12-10,2025-12-07,50,50,0,Delivered
ORD00446,PRD017,Nexus Logistics,2026-03-26,2026-04-05,2026-04-05,500,500,0,Delivered
ORD00447,PRD004,Stellar Packing Ltd,2026-04-25,2026-05-02,2026-05-02,250,250,0,Delivered
ORD00448,PRD010,Global Screen Supply,2025-10-23,2025-11-06,2025-11-06,50,50,0,Delivered
ORD00449,PRD015,Global Screen Supply,2025-10-04,2025-10-07,,100,0,0,Cancelled
ORD00450,PRD019,Global Screen Supply,2026-04-01,2026-04-11,2026-04-11,50,50,0,Delivered
ORD00451,PRD002,Nexus Logistics,2025-09-23,2025-09-28,2025-09-28,1000,1000,0,Delivered
ORD00452,PRD016,Apex Component Ltd,2026-03-23,2026-04-06,2026-04-06,50,50,2,Delivered
ORD00453,PRD004,Apex Component Ltd,2026-04-05,2026-04-19,2026-04-19,1000,1000,0,Delivered
ORD00454,PRD011,Global Screen Supply,2025-08-17,2025-08-31,2025-08-30,100,100,0,Delivered
ORD00455,PRD005,Apex Component Ltd,2026-06-13,2026-06-27,2026-07-05,500,500,0,Delivered
ORD00456,PRD014,Nexus Logistics,2026-07-14,2026-07-19,2026-07-19,100,100,0,Delivered
ORD00457,PRD016,Stellar Packing Ltd,2025-09-08,2025-09-15,2025-09-15,250,250,0,Delivered
ORD00458,PRD015,Global Screen Supply,2025-12-13,2025-12-16,2025-12-14,100,100,0,Delivered
ORD00459,PRD007,Nexus Logistics,2025-11-30,2025-12-07,2025-12-07,1000,1000,61,Delivered
ORD00460,PRD008,Nexus Logistics,2026-05-24,2026-06-07,2026-06-07,250,250,0,Delivered
ORD00461,PRD007,Nexus Logistics,2025-11-14,2025-11-17,2025-11-24,500,500,0,Delivered
ORD00462,PRD012,Prime Battery Corp,2025-11-05,2025-11-12,,100,0,0,Cancelled
ORD00463,PRD019,Apex Component Ltd,2025-12-15,2025-12-20,2025-12-20,50,50,0,Delivered
ORD00464,PRD019,Stellar Packing Ltd,2025-11-19,2025-11-22,2025-11-22,500,500,0,Delivered
ORD00465,PRD008,Prime Battery Corp,2026-03-04,2026-03-18,2026-03-18,100,100,0,Delivered
ORD00466,PRD014,Stellar Packing Ltd,2026-02-11,2026-02-21,2026-02-21,50,50,0,Delivered
ORD00467,PRD010,Global Screen Supply,2026-06-21,2026-06-24,2026-06-24,50,50,0,Delivered
ORD00468,PRD006,Prime Battery Corp,2026-06-10,2026-06-20,2026-06-26,50,50,0,Delivered
ORD00469,PRD003,Stellar Packing Ltd,2026-01-12,2026-01-15,2026-01-15,1000,1000,0,Delivered
ORD00470,PRD006,Stellar Packing Ltd,2026-07-20,2026-07-23,2026-07-23,1000,1000,0,Delivered
ORD00471,PRD008,Prime Battery Corp,2026-01-21,2026-01-28,2026-01-28,1000,1000,34,Delivered
ORD00472,PRD015,Stellar Packing Ltd,2026-01-29,2026-02-01,2026-02-01,100,100,0,Delivered
ORD00473,PRD004,Global Screen Supply,2026-04-05,2026-04-10,2026-04-10,100,100,0,Delivered
ORD00474,PRD010,Global Screen Supply,2025-08-26,2025-08-29,2025-08-29,100,100,0,Delivered
ORD00475,PRD015,Prime Battery Corp,2026-05-11,2026-05-16,2026-05-16,250,250,0,Delivered
ORD00476,PRD006,Stellar Packing Ltd,2025-10-15,2025-10-29,2025-10-26,250,250,0,Delivered
ORD00477,PRD015,Prime Battery Corp,2026-01-30,2026-02-04,2026-02-10,100,100,0,Delivered
ORD00478,PRD004,Apex Component Ltd,2026-02-17,2026-02-27,2026-02-27,100,100,0,Delivered
ORD00479,PRD019,Nexus Logistics,2026-01-14,2026-01-17,2026-01-14,500,500,0,Delivered
ORD00480,PRD011,Apex Component Ltd,2026-06-01,2026-06-06,2026-06-06,1000,1000,0,Delivered
ORD00481,PRD017,Nexus Logistics,2025-11-01,2025-11-11,2025-11-11,250,250,14,Delivered
ORD00482,PRD001,Prime Battery Corp,2026-01-17,2026-01-24,2026-01-24,250,250,0,Delivered
ORD00483,PRD014,Nexus Logistics,2025-10-04,2025-10-18,2025-10-18,1000,1000,0,Delivered
ORD00484,PRD001,Nexus Logistics,2026-06-17,2026-06-24,2026-06-24,500,500,0,Delivered
ORD00485,PRD002,Prime Battery Corp,2026-05-20,2026-05-27,2026-05-27,500,500,5,Delivered
ORD00486,PRD010,Nexus Logistics,2025-10-24,2025-11-03,,100,0,0,Cancelled
ORD00487,PRD009,Nexus Logistics,2025-08-28,2025-09-11,2025-09-11,250,250,0,Delivered
ORD00488,PRD009,Global Screen Supply,2026-05-18,2026-05-21,2026-05-21,100,100,0,Delivered
ORD00489,PRD002,Prime Battery Corp,2025-12-21,2026-01-04,2026-01-04,50,50,0,Delivered
ORD00490,PRD010,Prime Battery Corp,2026-07-10,2026-07-17,2026-07-17,50,50,0,Delivered
ORD00491,PRD006,Apex Component Ltd,2025-11-13,2025-11-18,2025-11-15,1000,1000,0,Delivered
ORD00492,PRD001,Nexus Logistics,2026-01-19,2026-01-26,2026-01-26,250,250,0,Delivered
ORD00493,PRD008,Global Screen Supply,2026-07-15,2026-07-20,2026-07-20,100,100,0,Delivered
ORD00494,PRD014,Apex Component Ltd,2025-11-02,2025-11-05,2025-11-05,50,50,0,Delivered
ORD00495,PRD004,Stellar Packing Ltd,2025-11-07,2025-11-21,2025-11-21,100,100,0,Delivered
ORD00496,PRD017,Stellar Packing Ltd,2025-08-28,2025-08-31,2025-08-31,1000,1000,0,Delivered
ORD00497,PRD007,Stellar Packing Ltd,2026-07-22,2026-08-01,2026-07-29,250,250,0,Delivered
ORD00498,PRD014,Apex Component Ltd,2026-01-01,2026-01-04,2026-01-02,500,500,0,Delivered
ORD00499,PRD020,Prime Battery Corp,2026-07-11,2026-07-21,2026-07-21,100,100,0,Delivered
ORD00500,PRD006,Apex Component Ltd,2026-07-05,2026-07-15,2026-07-15,50,50,0,Delivered
ORD00501,PRD006,Apex Component Ltd,2026-01-27,2026-02-01,2026-02-01,250,250,0,Delivered
ORD00502,PRD013,Prime Battery Corp,2026-03-25,2026-04-08,2026-04-08,500,500,0,Delivered
ORD00503,PRD001,Apex Component Ltd,2025-08-21,2025-08-24,2025-08-24,500,500,0,Delivered
ORD00504,PRD017,Nexus Logistics,2026-03-20,2026-03-25,2026-03-25,250,250,0,Delivered
ORD00505,PRD014,Apex Component Ltd,2026-02-06,2026-02-16,2026-02-16,250,250,5,Delivered
ORD00506,PRD013,Nexus Logistics,2025-09-19,2025-10-03,2025-10-03,500,500,0,Delivered
ORD00507,PRD016,Stellar Packing Ltd,2026-02-03,2026-02-17,2026-02-17,250,250,12,Delivered
ORD00508,PRD011,Nexus Logistics,2025-09-12,2025-09-22,2025-09-22,250,250,6,Delivered
ORD00509,PRD010,Apex Component Ltd,2026-01-13,2026-01-18,2026-01-25,50,50,0,Delivered
ORD00510,PRD013,Stellar Packing Ltd,2026-02-09,2026-02-16,2026-02-16,1000,1000,0,Delivered
ORD00511,PRD006,Stellar Packing Ltd,2025-12-25,2026-01-01,2026-01-01,500,500,0,Delivered
ORD00512,PRD010,Stellar Packing Ltd,2026-02-15,2026-02-20,2026-02-22,1000,1000,0,Delivered
ORD00513,PRD012,Apex Component Ltd,2026-06-23,2026-06-30,2026-06-30,1000,1000,0,Delivered
ORD00514,PRD001,Stellar Packing Ltd,2025-10-28,2025-11-11,2025-11-11,500,500,0,Delivered
ORD00515,PRD019,Apex Component Ltd,2026-04-18,2026-04-23,2026-04-23,250,250,0,Delivered
ORD00516,PRD007,Nexus Logistics,2025-12-08,2025-12-15,2025-12-15,100,100,0,Delivered
ORD00517,PRD015,Nexus Logistics,2026-05-07,2026-05-17,2026-05-20,500,500,0,Delivered
ORD00518,PRD002,Nexus Logistics,2025-08-04,2025-08-07,2025-08-07,50,50,3,Delivered
ORD00519,PRD008,Apex Component Ltd,2026-05-13,2026-05-27,2026-05-27,50,50,0,Delivered
ORD00520,PRD011,Stellar Packing Ltd,2026-02-09,2026-02-14,2026-02-18,500,500,0,Delivered
ORD00521,PRD004,Prime Battery Corp,2026-04-30,2026-05-10,2026-05-10,500,500,0,Delivered
ORD00522,PRD020,Apex Component Ltd,2026-06-29,2026-07-02,2026-07-02,100,100,0,Delivered
ORD00523,PRD015,Nexus Logistics,2025-07-29,2025-08-08,2025-08-08,250,250,0,Delivered
ORD00524,PRD014,Apex Component Ltd,2025-12-12,2025-12-15,2025-12-15,500,500,0,Delivered
ORD00525,PRD017,Apex Component Ltd,2026-01-21,2026-01-31,2026-01-31,1000,1000,0,Delivered
ORD00526,PRD005,Apex Component Ltd,2026-02-15,2026-02-20,2026-02-23,250,250,0,Delivered
ORD00527,PRD015,Nexus Logistics,2025-10-01,2025-10-08,2025-10-08,100,100,0,Delivered
ORD00528,PRD019,Global Screen Supply,2025-08-04,2025-08-07,2025-08-07,1000,1000,0,Delivered
ORD00529,PRD020,Nexus Logistics,2026-05-28,2026-06-04,2026-06-04,100,100,0,Delivered
ORD00530,PRD016,Apex Component Ltd,2025-11-16,2025-11-21,2025-11-21,100,100,0,Delivered
ORD00531,PRD010,Global Screen Supply,2026-02-24,2026-03-01,2026-03-06,500,500,0,Delivered
ORD00532,PRD003,Apex Component Ltd,2026-03-22,2026-03-27,2026-03-27,250,250,0,Delivered
ORD00533,PRD018,Apex Component Ltd,2025-08-20,2025-08-27,2025-08-27,100,100,0,Delivered
ORD00534,PRD012,Global Screen Supply,2026-05-07,2026-05-10,2026-05-08,1000,1000,0,Delivered
ORD00535,PRD009,Apex Component Ltd,2026-01-01,2026-01-04,2026-01-04,100,100,0,Delivered
ORD00536,PRD017,Prime Battery Corp,2026-03-05,2026-03-10,2026-03-10,250,250,0,Delivered
ORD00537,PRD016,Prime Battery Corp,2025-10-16,2025-10-26,2025-10-26,500,500,0,Delivered
ORD00538,PRD004,Global Screen Supply,2025-09-26,2025-10-03,2025-10-03,50,50,0,Delivered
ORD00539,PRD017,Stellar Packing Ltd,2025-10-25,2025-11-04,2025-11-04,50,50,0,Delivered
ORD00540,PRD012,Stellar Packing Ltd,2025-09-17,2025-09-24,,100,0,0,Cancelled
ORD00541,PRD015,Nexus Logistics,2026-03-14,2026-03-21,2026-03-21,1000,1000,53,Delivered
ORD00542,PRD007,Apex Component Ltd,2026-06-19,2026-06-26,2026-06-26,250,250,0,Delivered
ORD00543,PRD003,Apex Component Ltd,2025-11-08,2025-11-13,2025-11-13,500,500,0,Delivered
ORD00544,PRD020,Global Screen Supply,2026-01-24,2026-01-27,2026-01-27,250,250,0,Delivered
ORD00545,PRD012,Stellar Packing Ltd,2025-10-28,2025-11-07,2025-11-07,500,500,0,Delivered
ORD00546,PRD010,Nexus Logistics,2026-03-05,2026-03-08,2026-03-08,500,500,0,Delivered
ORD00547,PRD018,Apex Component Ltd,2025-08-17,2025-08-31,2025-08-31,50,50,0,Delivered
ORD00548,PRD004,Nexus Logistics,2025-10-24,2025-10-29,,500,0,0,Cancelled
ORD00549,PRD014,Prime Battery Corp,2026-01-01,2026-01-15,2026-01-15,500,500,0,Delivered
ORD00550,PRD003,Stellar Packing Ltd,2025-12-04,2025-12-07,2025-12-09,500,500,27,Delivered
ORD00551,PRD010,Stellar Packing Ltd,2026-06-05,2026-06-12,2026-06-15,500,500,8,Delivered
ORD00552,PRD005,Global Screen Supply,2026-03-05,2026-03-19,2026-03-19,100,100,0,Delivered
ORD00553,PRD016,Nexus Logistics,2025-08-04,2025-08-14,2025-08-14,1000,1000,0,Delivered
ORD00554,PRD014,Nexus Logistics,2026-05-17,2026-05-31,2026-06-07,1000,1000,0,Delivered
ORD00555,PRD018,Apex Component Ltd,2025-12-09,2025-12-19,2025-12-19,500,500,0,Delivered
ORD00556,PRD016,Prime Battery Corp,2026-03-06,2026-03-11,2026-03-11,1000,1000,0,Delivered
ORD00557,PRD012,Nexus Logistics,2025-10-15,2025-10-29,2025-10-29,100,100,0,Delivered
ORD00558,PRD016,Prime Battery Corp,2025-11-22,2025-11-27,,1000,0,0,Cancelled
ORD00559,PRD001,Prime Battery Corp,2025-12-05,2025-12-12,2025-12-12,100,100,0,Delivered
ORD00560,PRD016,Prime Battery Corp,2026-01-15,2026-01-22,2026-01-22,50,50,0,Delivered
ORD00561,PRD004,Apex Component Ltd,2026-06-02,2026-06-16,2026-06-18,50,50,0,Delivered
ORD00562,PRD015,Stellar Packing Ltd,2026-04-06,2026-04-09,2026-04-09,100,100,0,Delivered
ORD00563,PRD016,Prime Battery Corp,2025-12-18,2026-01-01,2026-01-01,100,100,0,Delivered
ORD00564,PRD008,Global Screen Supply,2026-03-01,2026-03-11,2026-03-11,500,500,0,Delivered
ORD00565,PRD003,Prime Battery Corp,2026-01-02,2026-01-12,2026-01-12,100,100,7,Delivered
ORD00566,PRD014,Nexus Logistics,2026-07-08,2026-07-22,2026-07-22,250,250,0,Delivered
ORD00567,PRD015,Global Screen Supply,2026-04-29,2026-05-13,2026-05-13,1000,1000,0,Delivered
ORD00568,PRD013,Global Screen Supply,2026-04-17,2026-05-01,2026-05-01,250,250,0,Delivered
ORD00569,PRD008,Prime Battery Corp,2026-02-26,2026-03-12,2026-03-12,50,50,0,Delivered
ORD00570,PRD010,Stellar Packing Ltd,2025-07-27,2025-08-06,2025-08-06,250,250,0,Delivered
ORD00571,PRD013,Stellar Packing Ltd,2025-11-28,2025-12-01,2025-11-29,250,250,0,Delivered
ORD00572,PRD014,Global Screen Supply,2026-03-25,2026-03-30,2026-03-30,500,500,0,Delivered
ORD00573,PRD016,Nexus Logistics,2025-10-16,2025-10-21,2025-10-21,1000,1000,0,Delivered
ORD00574,PRD018,Prime Battery Corp,2025-09-23,2025-10-07,2025-10-07,500,500,0,Delivered
ORD00575,PRD016,Apex Component Ltd,2025-10-06,2025-10-11,2025-10-11,1000,1000,0,Delivered
ORD00576,PRD018,Prime Battery Corp,2025-08-28,2025-08-31,2025-08-31,500,500,0,Delivered
ORD00577,PRD005,Stellar Packing Ltd,2026-06-15,2026-06-25,2026-06-22,500,500,0,Delivered
ORD00578,PRD015,Prime Battery Corp,2026-06-20,2026-06-23,2026-06-23,100,100,0,Delivered
ORD00579,PRD020,Stellar Packing Ltd,2026-05-16,2026-05-19,2026-05-19,1000,1000,0,Delivered
ORD00580,PRD009,Global Screen Supply,2025-11-27,2025-12-11,2025-12-11,500,500,0,Delivered
ORD00581,PRD014,Apex Component Ltd,2026-04-21,2026-04-28,2026-04-30,500,500,0,Delivered
ORD00582,PRD014,Global Screen Supply,2025-08-24,2025-09-07,2025-09-07,250,250,0,Delivered
ORD00583,PRD004,Apex Component Ltd,2025-11-05,2025-11-10,2025-11-10,1000,1000,0,Delivered
ORD00584,PRD003,Nexus Logistics,2025-08-08,2025-08-18,2025-08-20,100,100,0,Delivered
ORD00585,PRD005,Prime Battery Corp,2026-04-27,2026-05-02,2026-05-02,100,100,0,Delivered
ORD00586,PRD006,Apex Component Ltd,2025-08-24,2025-09-03,2025-09-03,250,250,0,Delivered
ORD00587,PRD002,Global Screen Supply,2026-04-24,2026-05-08,2026-05-08,50,50,0,Delivered
ORD00588,PRD020,Stellar Packing Ltd,2026-01-03,2026-01-10,2026-01-10,250,250,0,Delivered
ORD00589,PRD005,Apex Component Ltd,2026-06-01,2026-06-11,2026-06-11,50,50,0,Delivered
ORD00590,PRD018,Apex Component Ltd,2026-07-03,2026-07-13,2026-07-13,50,50,0,Delivered
ORD00591,PRD004,Nexus Logistics,2026-01-30,2026-02-04,,500,0,0,Cancelled
ORD00592,PRD001,Prime Battery Corp,2026-07-08,2026-07-15,2026-07-15,100,100,0,Delivered
ORD00593,PRD016,Stellar Packing Ltd,2025-11-09,2025-11-12,2025-11-12,100,100,0,Delivered
ORD00594,PRD003,Stellar Packing Ltd,2025-09-28,2025-10-01,2025-10-01,100,100,0,Delivered
ORD00595,PRD018,Nexus Logistics,2025-07-26,2025-08-05,2025-08-05,50,50,0,Delivered
ORD00596,PRD017,Apex Component Ltd,2025-11-16,2025-11-19,2025-11-19,250,250,0,Delivered
ORD00597,PRD008,Nexus Logistics,2025-09-01,2025-09-06,2025-09-06,100,100,0,Delivered
ORD00598,PRD009,Global Screen Supply,2025-09-18,2025-09-28,2025-09-28,100,100,0,Delivered
ORD00599,PRD015,Stellar Packing Ltd,2025-09-26,2025-09-29,2025-09-29,50,50,0,Delivered
ORD00600,PRD010,Stellar Packing Ltd,2026-06-10,2026-06-20,2026-06-21,50,50,0,Delivered
ORD00601,PRD015,Nexus Logistics,2026-03-19,2026-03-29,2026-03-29,1000,1000,0,Delivered
ORD00602,PRD001,Stellar Packing Ltd,2026-07-25,2026-07-28,2026-07-25,1000,1000,0,Delivered
ORD00603,PRD008,Global Screen Supply,2025-08-16,2025-08-19,2025-08-19,100,100,0,Delivered
ORD00604,PRD016,Prime Battery Corp,2026-05-29,2026-06-05,2026-06-08,250,250,11,Delivered
ORD00605,PRD003,Prime Battery Corp,2025-10-29,2025-11-08,2025-11-08,500,500,0,Delivered
ORD00606,PRD002,Nexus Logistics,2025-11-14,2025-11-17,2025-11-17,100,100,0,Delivered
ORD00607,PRD007,Nexus Logistics,2025-10-27,2025-10-30,,250,0,0,Cancelled
ORD00608,PRD012,Apex Component Ltd,2026-05-05,2026-05-08,2026-05-05,100,100,0,Delivered
ORD00609,PRD008,Prime Battery Corp,2025-10-22,2025-10-29,2025-10-28,1000,1000,0,Delivered
ORD00610,PRD011,Global Screen Supply,2025-12-28,2026-01-07,2026-01-07,100,100,0,Delivered
ORD00611,PRD007,Global Screen Supply,2026-04-23,2026-05-03,2026-05-03,250,250,0,Delivered
ORD00612,PRD005,Prime Battery Corp,2025-11-28,2025-12-01,2025-12-01,250,250,0,Delivered
ORD00613,PRD006,Stellar Packing Ltd,2026-02-08,2026-02-22,2026-02-22,250,250,0,Delivered
ORD00614,PRD009,Stellar Packing Ltd,2026-02-15,2026-03-01,2026-03-01,50,50,0,Delivered
ORD00615,PRD012,Prime Battery Corp,2026-05-02,2026-05-05,2026-05-05,100,100,0,Delivered
ORD00616,PRD015,Nexus Logistics,2026-03-03,2026-03-13,2026-03-13,250,250,0,Delivered
ORD00617,PRD010,Stellar Packing Ltd,2026-04-13,2026-04-27,2026-04-27,50,50,0,Delivered
ORD00618,PRD009,Prime Battery Corp,2026-07-09,2026-07-16,2026-07-16,100,100,0,Delivered
ORD00619,PRD013,Stellar Packing Ltd,2026-06-25,2026-06-28,2026-06-28,500,500,0,Delivered
ORD00620,PRD017,Stellar Packing Ltd,2026-05-03,2026-05-13,2026-05-17,500,500,0,Delivered
ORD00621,PRD005,Stellar Packing Ltd,2025-09-28,2025-10-05,2025-10-05,50,50,0,Delivered
ORD00622,PRD011,Stellar Packing Ltd,2025-08-05,2025-08-19,2025-08-17,50,50,0,Delivered
ORD00623,PRD007,Nexus Logistics,2025-09-18,2025-09-25,2025-09-25,1000,1000,0,Delivered
ORD00624,PRD001,Global Screen Supply,2025-11-03,2025-11-06,2025-11-06,500,500,0,Delivered
ORD00625,PRD014,Nexus Logistics,2025-10-13,2025-10-16,2025-10-16,100,100,7,Delivered
ORD00626,PRD006,Stellar Packing Ltd,2026-05-15,2026-05-22,2026-05-22,1000,1000,0,Delivered
ORD00627,PRD020,Global Screen Supply,2026-04-20,2026-04-27,2026-04-27,1000,1000,0,Delivered
ORD00628,PRD013,Stellar Packing Ltd,2025-10-22,2025-11-01,2025-11-01,100,100,0,Delivered
ORD00629,PRD002,Global Screen Supply,2025-10-13,2025-10-20,2025-10-20,1000,1000,0,Delivered
ORD00630,PRD012,Apex Component Ltd,2025-09-16,2025-09-30,2025-09-29,250,250,0,Delivered
ORD00631,PRD013,Prime Battery Corp,2026-02-14,2026-02-19,,500,0,0,Cancelled
ORD00632,PRD009,Apex Component Ltd,2026-07-23,2026-07-28,2026-07-28,250,250,0,Delivered
ORD00633,PRD016,Prime Battery Corp,2025-10-15,2025-10-20,2025-10-19,50,50,0,Delivered
ORD00634,PRD005,Nexus Logistics,2026-01-24,2026-01-29,2026-01-29,100,100,0,Delivered
ORD00635,PRD013,Prime Battery Corp,2026-03-09,2026-03-12,,1000,0,0,Cancelled
ORD00636,PRD013,Global Screen Supply,2025-11-29,2025-12-06,2025-12-07,100,100,0,Delivered
ORD00637,PRD006,Global Screen Supply,2025-08-16,2025-08-26,2025-08-26,1000,1000,0,Delivered
ORD00638,PRD004,Global Screen Supply,2025-11-11,2025-11-14,2025-11-20,250,250,6,Delivered
ORD00639,PRD002,Apex Component Ltd,2025-11-13,2025-11-23,2025-11-23,250,250,0,Delivered
ORD00640,PRD005,Prime Battery Corp,2025-10-22,2025-10-29,2025-11-06,500,500,0,Delivered
ORD00641,PRD020,Apex Component Ltd,2025-12-30,2026-01-04,2026-01-04,500,500,18,Delivered
ORD00642,PRD020,Nexus Logistics,2026-01-09,2026-01-14,2026-01-14,250,250,16,Delivered
ORD00643,PRD011,Global Screen Supply,2025-11-07,2025-11-21,2025-11-21,50,50,0,Delivered
ORD00644,PRD001,Apex Component Ltd,2026-04-02,2026-04-05,2026-04-05,100,100,0,Delivered
ORD00645,PRD008,Stellar Packing Ltd,2025-09-03,2025-09-13,2025-09-13,500,500,0,Delivered
ORD00646,PRD009,Nexus Logistics,2025-09-03,2025-09-10,2025-09-10,500,500,0,Delivered
ORD00647,PRD013,Nexus Logistics,2025-09-05,2025-09-12,2025-09-12,1000,1000,0,Delivered
ORD00648,PRD003,Prime Battery Corp,2025-10-02,2025-10-12,2025-10-11,100,100,0,Delivered
ORD00649,PRD013,Nexus Logistics,2025-12-29,2026-01-12,2026-01-14,50,50,0,Delivered
ORD00650,PRD017,Nexus Logistics,2026-06-15,2026-06-22,2026-06-22,50,50,0,Delivered
ORD00651,PRD005,Prime Battery Corp,2026-05-30,2026-06-09,2026-06-09,100,100,0,Delivered
ORD00652,PRD013,Stellar Packing Ltd,2025-09-04,2025-09-18,2025-09-16,100,100,0,Delivered
ORD00653,PRD014,Apex Component Ltd,2025-09-18,2025-10-02,2025-10-02,250,250,0,Delivered
ORD00654,PRD001,Apex Component Ltd,2025-08-29,2025-09-08,2025-09-08,1000,1000,0,Delivered
ORD00655,PRD017,Apex Component Ltd,2026-03-12,2026-03-26,2026-03-29,100,100,0,Delivered
ORD00656,PRD006,Apex Component Ltd,2025-12-22,2025-12-25,2025-12-26,500,500,0,Delivered
ORD00657,PRD001,Stellar Packing Ltd,2025-08-15,2025-08-18,2025-08-23,100,100,0,Delivered
ORD00658,PRD011,Global Screen Supply,2026-01-25,2026-02-04,2026-02-04,500,500,0,Delivered
ORD00659,PRD001,Stellar Packing Ltd,2025-09-25,2025-10-09,2025-10-09,250,250,0,Delivered
ORD00660,PRD007,Apex Component Ltd,2026-06-16,2026-06-23,2026-06-23,50,50,0,Delivered
ORD00661,PRD012,Nexus Logistics,2026-03-25,2026-03-28,2026-03-27,500,500,0,Delivered
ORD00662,PRD006,Nexus Logistics,2025-09-22,2025-10-02,2025-10-02,1000,1000,0,Delivered
ORD00663,PRD013,Prime Battery Corp,2025-11-14,2025-11-21,2025-11-21,500,500,0,Delivered
ORD00664,PRD011,Nexus Logistics,2026-02-05,2026-02-19,2026-02-19,500,500,0,Delivered
ORD00665,PRD004,Stellar Packing Ltd,2026-01-29,2026-02-03,2026-02-03,250,250,3,Delivered
ORD00666,PRD005,Stellar Packing Ltd,2026-06-29,2026-07-13,2026-07-13,1000,1000,0,Delivered
ORD00667,PRD016,Nexus Logistics,2025-10-08,2025-10-22,2025-10-22,250,250,0,Delivered
ORD00668,PRD009,Stellar Packing Ltd,2026-03-26,2026-03-31,2026-03-31,500,500,33,Delivered
ORD00669,PRD002,Global Screen Supply,2026-03-31,2026-04-10,2026-04-10,250,250,0,Delivered
ORD00670,PRD013,Nexus Logistics,2025-08-30,2025-09-13,2025-09-13,250,250,0,Delivered
ORD00671,PRD010,Nexus Logistics,2026-06-25,2026-06-30,2026-06-30,1000,1000,0,Delivered
ORD00672,PRD012,Stellar Packing Ltd,2025-09-15,2025-09-20,2025-09-20,500,500,0,Delivered
ORD00673,PRD004,Stellar Packing Ltd,2026-06-22,2026-06-29,2026-06-26,1000,1000,0,Delivered
ORD00674,PRD013,Apex Component Ltd,2026-03-19,2026-03-29,2026-03-29,250,250,4,Delivered
ORD00675,PRD019,Stellar Packing Ltd,2026-05-14,2026-05-24,2026-05-27,250,250,0,Delivered
ORD00676,PRD013,Apex Component Ltd,2026-02-11,2026-02-25,2026-02-25,1000,1000,68,Delivered
ORD00677,PRD006,Stellar Packing Ltd,2026-07-15,2026-07-20,2026-07-20,50,50,0,Delivered
ORD00678,PRD002,Apex Component Ltd,2025-09-26,2025-10-10,2025-10-10,250,250,0,Delivered
ORD00679,PRD018,Nexus Logistics,2025-10-04,2025-10-18,2025-10-18,500,500,0,Delivered
ORD00680,PRD008,Apex Component Ltd,2025-10-29,2025-11-03,2025-11-03,250,250,0,Delivered
ORD00681,PRD003,Stellar Packing Ltd,2025-12-02,2025-12-09,2025-12-07,500,500,0,Delivered
ORD00682,PRD003,Prime Battery Corp,2026-06-14,2026-06-19,2026-06-19,250,250,0,Delivered
ORD00683,PRD013,Apex Component Ltd,2026-05-30,2026-06-04,2026-06-04,50,50,0,Delivered
ORD00684,PRD009,Global Screen Supply,2025-11-17,2025-11-24,2025-11-24,50,50,0,Delivered
ORD00685,PRD019,Nexus Logistics,2025-09-11,2025-09-25,2025-09-25,250,250,0,Delivered
ORD00686,PRD006,Prime Battery Corp,2026-07-07,2026-07-21,2026-07-21,1000,1000,0,Delivered
ORD00687,PRD005,Nexus Logistics,2026-05-11,2026-05-18,2026-05-18,50,50,0,Delivered
ORD00688,PRD012,Nexus Logistics,2026-04-08,2026-04-15,2026-04-15,250,250,0,Delivered
ORD00689,PRD011,Apex Component Ltd,2026-06-14,2026-06-17,2026-06-17,50,50,0,Delivered
ORD00690,PRD014,Stellar Packing Ltd,2025-10-02,2025-10-12,2025-10-12,500,500,0,Delivered
ORD00691,PRD014,Stellar Packing Ltd,2026-01-17,2026-01-22,2026-01-30,1000,1000,0,Delivered
ORD00692,PRD002,Nexus Logistics,2026-04-04,2026-04-14,2026-04-18,100,100,0,Delivered
ORD00693,PRD019,Nexus Logistics,2025-11-13,2025-11-20,2025-11-28,1000,1000,0,Delivered
ORD00694,PRD012,Apex Component Ltd,2025-07-27,2025-08-03,2025-08-10,100,100,0,Delivered
ORD00695,PRD001,Global Screen Supply,2026-06-26,2026-07-03,2026-07-03,100,100,0,Delivered
ORD00696,PRD006,Global Screen Supply,2026-01-22,2026-02-01,2026-02-01,50,50,0,Delivered
ORD00697,PRD002,Global Screen Supply,2026-07-01,2026-07-06,2026-07-06,500,500,0,Delivered
ORD00698,PRD013,Stellar Packing Ltd,2026-02-09,2026-02-14,2026-02-14,50,50,0,Delivered
ORD00699,PRD014,Stellar Packing Ltd,2025-07-29,2025-08-08,2025-08-08,500,500,0,Delivered
ORD00700,PRD004,Prime Battery Corp,2026-07-18,2026-07-23,2026-07-23,500,500,0,Delivered
ORD00701,PRD008,Apex Component Ltd,2025-09-30,2025-10-10,2025-10-09,50,50,0,Delivered
ORD00702,PRD008,Global Screen Supply,2026-01-13,2026-01-23,2026-01-23,500,500,8,Delivered
ORD00703,PRD002,Global Screen Supply,2025-08-14,2025-08-17,2025-08-17,50,50,0,Delivered
ORD00704,PRD012,Prime Battery Corp,2025-12-27,2025-12-30,2025-12-30,50,50,0,Delivered
ORD00705,PRD008,Prime Battery Corp,2025-11-09,2025-11-23,2025-11-25,500,500,38,Delivered
ORD00706,PRD010,Nexus Logistics,2025-11-05,2025-11-19,,100,0,0,Cancelled
ORD00707,PRD007,Nexus Logistics,2026-05-02,2026-05-09,2026-05-09,1000,1000,0,Delivered
ORD00708,PRD006,Stellar Packing Ltd,2025-12-12,2025-12-17,,250,0,0,Cancelled
ORD00709,PRD019,Apex Component Ltd,2026-07-15,2026-07-20,2026-07-20,500,500,0,Delivered
ORD00710,PRD013,Stellar Packing Ltd,2025-12-11,2025-12-16,,100,0,0,Cancelled
ORD00711,PRD019,Global Screen Supply,2026-05-24,2026-05-27,2026-05-27,1000,1000,0,Delivered
ORD00712,PRD006,Global Screen Supply,2025-08-17,2025-08-31,2025-08-31,100,100,0,Delivered
ORD00713,PRD007,Stellar Packing Ltd,2025-09-22,2025-09-25,2025-09-25,250,250,0,Delivered
ORD00714,PRD002,Apex Component Ltd,2026-01-23,2026-01-28,2026-01-28,250,250,0,Delivered
ORD00715,PRD020,Stellar Packing Ltd,2025-11-07,2025-11-17,2025-11-17,100,100,0,Delivered
ORD00716,PRD005,Nexus Logistics,2025-09-10,2025-09-20,2025-09-20,100,100,0,Delivered
ORD00717,PRD006,Global Screen Supply,2026-02-11,2026-02-25,2026-03-01,100,100,0,Delivered
ORD00718,PRD020,Apex Component Ltd,2026-02-03,2026-02-13,2026-02-14,50,50,0,Delivered
ORD00719,PRD004,Stellar Packing Ltd,2026-01-14,2026-01-17,2026-01-17,100,100,0,Delivered
ORD00720,PRD018,Apex Component Ltd,2025-08-04,2025-08-07,2025-08-14,50,50,0,Delivered
ORD00721,PRD008,Nexus Logistics,2026-07-11,2026-07-14,2026-07-16,500,500,0,Delivered
ORD00722,PRD002,Stellar Packing Ltd,2025-10-10,2025-10-15,2025-10-15,500,500,0,Delivered
ORD00723,PRD012,Apex Component Ltd,2025-12-10,2025-12-20,2025-12-20,250,250,0,Delivered
ORD00724,PRD011,Global Screen Supply,2026-02-09,2026-02-19,2026-02-26,500,500,0,Delivered
ORD00725,PRD012,Prime Battery Corp,2026-04-04,2026-04-14,2026-04-14,500,500,0,Delivered
ORD00726,PRD014,Stellar Packing Ltd,2026-04-05,2026-04-19,2026-04-19,1000,1000,0,Delivered
ORD00727,PRD003,Global Screen Supply,2026-01-26,2026-01-29,2026-02-06,100,100,0,Delivered
ORD00728,PRD010,Nexus Logistics,2025-10-06,2025-10-20,2025-10-20,500,500,9,Delivered
ORD00729,PRD002,Apex Component Ltd,2026-06-29,2026-07-13,2026-07-13,50,50,0,Delivered
ORD00730,PRD005,Global Screen Supply,2026-03-22,2026-03-27,2026-03-27,1000,1000,0,Delivered
ORD00731,PRD005,Apex Component Ltd,2026-06-18,2026-06-21,2026-06-21,1000,1000,68,Delivered
ORD00732,PRD008,Nexus Logistics,2025-10-13,2025-10-20,2025-10-20,50,50,0,Delivered
ORD00733,PRD015,Nexus Logistics,2026-01-01,2026-01-11,2026-01-11,500,500,0,Delivered
ORD00734,PRD001,Global Screen Supply,2025-12-16,2025-12-21,2025-12-21,1000,1000,73,Delivered
ORD00735,PRD003,Stellar Packing Ltd,2026-05-10,2026-05-13,2026-05-13,1000,1000,16,Delivered
ORD00736,PRD017,Global Screen Supply,2026-01-02,2026-01-12,2026-01-12,250,250,0,Delivered
ORD00737,PRD001,Stellar Packing Ltd,2026-02-05,2026-02-15,2026-02-18,1000,1000,0,Delivered
ORD00738,PRD007,Global Screen Supply,2025-10-15,2025-10-29,2025-10-29,1000,1000,0,Delivered
ORD00739,PRD002,Nexus Logistics,2025-11-24,2025-11-29,2025-11-29,1000,1000,0,Delivered
ORD00740,PRD018,Apex Component Ltd,2026-04-06,2026-04-09,2026-04-09,500,500,0,Delivered
ORD00741,PRD009,Nexus Logistics,2025-12-03,2025-12-13,2025-12-13,100,100,0,Delivered
ORD00742,PRD015,Prime Battery Corp,2026-04-13,2026-04-27,2026-04-27,250,250,0,Delivered
ORD00743,PRD008,Stellar Packing Ltd,2025-07-29,2025-08-03,2025-08-01,50,50,0,Delivered
ORD00744,PRD015,Stellar Packing Ltd,2026-03-20,2026-03-23,2026-03-30,50,50,0,Delivered
ORD00745,PRD007,Nexus Logistics,2025-09-21,2025-09-28,,500,0,0,Cancelled
ORD00746,PRD005,Nexus Logistics,2025-10-07,2025-10-12,2025-10-12,250,250,0,Delivered
ORD00747,PRD007,Apex Component Ltd,2025-11-10,2025-11-13,2025-11-13,500,500,0,Delivered
ORD00748,PRD014,Stellar Packing Ltd,2025-11-11,2025-11-18,2025-11-25,100,100,0,Delivered
ORD00749,PRD018,Global Screen Supply,2026-07-16,2026-07-26,2026-07-26,250,250,0,Delivered
ORD00750,PRD011,Apex Component Ltd,2025-10-10,2025-10-20,2025-10-20,100,100,0,Delivered
ORD00751,PRD015,Stellar Packing Ltd,2025-09-12,2025-09-15,2025-09-12,100,100,0,Delivered
ORD00752,PRD019,Apex Component Ltd,2026-01-30,2026-02-06,2026-02-06,50,50,0,Delivered
ORD00753,PRD012,Prime Battery Corp,2026-04-28,2026-05-08,2026-05-08,1000,1000,0,Delivered
ORD00754,PRD013,Prime Battery Corp,2026-06-27,2026-07-07,2026-07-07,250,250,0,Delivered
ORD00755,PRD020,Nexus Logistics,2025-09-16,2025-09-26,2025-10-04,1000,1000,0,Delivered
ORD00756,PRD018,Nexus Logistics,2025-09-21,2025-09-26,2025-09-26,500,500,0,Delivered
ORD00757,PRD001,Prime Battery Corp,2025-11-16,2025-11-30,2025-11-30,250,250,0,Delivered
ORD00758,PRD001,Apex Component Ltd,2025-10-11,2025-10-18,2025-10-18,1000,1000,0,Delivered
ORD00759,PRD002,Stellar Packing Ltd,2026-03-01,2026-03-06,2026-03-04,500,500,0,Delivered
ORD00760,PRD019,Nexus Logistics,2026-06-11,2026-06-18,2026-06-18,1000,1000,0,Delivered
ORD00761,PRD020,Stellar Packing Ltd,2025-09-03,2025-09-17,,500,0,0,Cancelled
ORD00762,PRD005,Nexus Logistics,2026-06-14,2026-06-21,2026-06-21,100,100,0,Delivered
ORD00763,PRD002,Prime Battery Corp,2025-09-05,2025-09-10,2025-09-10,50,50,0,Delivered
ORD00764,PRD006,Apex Component Ltd,2025-09-02,2025-09-12,2025-09-12,250,250,0,Delivered
ORD00765,PRD014,Nexus Logistics,2026-01-01,2026-01-11,2026-01-14,100,100,0,Delivered
ORD00766,PRD006,Stellar Packing Ltd,2025-12-02,2025-12-05,2025-12-05,100,100,0,Delivered
ORD00767,PRD011,Global Screen Supply,2025-11-14,2025-11-17,2025-11-17,100,100,0,Delivered
ORD00768,PRD014,Stellar Packing Ltd,2026-02-14,2026-02-19,2026-02-19,250,250,0,Delivered
ORD00769,PRD006,Global Screen Supply,2026-03-31,2026-04-10,2026-04-10,500,500,0,Delivered
ORD00770,PRD003,Nexus Logistics,2025-10-18,2025-10-21,2025-10-21,1000,1000,0,Delivered
ORD00771,PRD006,Prime Battery Corp,2025-11-27,2025-11-30,2025-11-30,100,100,0,Delivered
ORD00772,PRD015,Stellar Packing Ltd,2026-01-05,2026-01-10,2026-01-10,1000,1000,0,Delivered
ORD00773,PRD019,Nexus Logistics,2026-07-09,2026-07-19,2026-07-18,250,250,0,Delivered
ORD00774,PRD006,Stellar Packing Ltd,2026-01-08,2026-01-22,2026-01-23,500,500,0,Delivered
ORD00775,PRD002,Stellar Packing Ltd,2026-04-21,2026-04-24,2026-04-26,250,250,0,Delivered
ORD00776,PRD003,Stellar Packing Ltd,2026-01-01,2026-01-11,,1000,0,0,Cancelled
ORD00777,PRD010,Nexus Logistics,2026-04-03,2026-04-06,2026-04-10,250,250,2,Delivered
ORD00778,PRD006,Apex Component Ltd,2025-10-30,2025-11-06,2025-11-06,1000,1000,0,Delivered
ORD00779,PRD003,Prime Battery Corp,2026-01-09,2026-01-23,2026-01-22,500,500,0,Delivered
ORD00780,PRD015,Apex Component Ltd,2026-04-18,2026-05-02,2026-05-02,100,100,0,Delivered
ORD00781,PRD003,Prime Battery Corp,2026-05-06,2026-05-11,2026-05-19,100,100,1,Delivered
ORD00782,PRD007,Stellar Packing Ltd,2026-04-21,2026-05-05,2026-05-05,250,250,0,Delivered
ORD00783,PRD013,Nexus Logistics,2026-06-07,2026-06-21,2026-06-19,100,100,0,Delivered
ORD00784,PRD004,Apex Component Ltd,2025-11-25,2025-11-28,2025-12-06,500,500,0,Delivered
ORD00785,PRD013,Stellar Packing Ltd,2026-03-02,2026-03-16,2026-03-16,250,250,0,Delivered
ORD00786,PRD006,Stellar Packing Ltd,2025-12-13,2025-12-27,2025-12-27,1000,1000,0,Delivered
ORD00787,PRD019,Prime Battery Corp,2025-11-24,2025-11-27,2025-11-27,1000,1000,0,Delivered
ORD00788,PRD016,Global Screen Supply,2025-10-20,2025-10-25,2025-10-25,250,250,0,Delivered
ORD00789,PRD010,Global Screen Supply,2025-10-20,2025-10-27,2025-10-27,50,50,0,Delivered
ORD00790,PRD003,Global Screen Supply,2026-07-07,2026-07-10,2026-07-10,1000,1000,71,Delivered
ORD00791,PRD008,Stellar Packing Ltd,2026-04-08,2026-04-13,2026-04-19,100,100,0,Delivered
ORD00792,PRD015,Apex Component Ltd,2026-01-21,2026-01-28,2026-01-28,250,250,0,Delivered
ORD00793,PRD005,Nexus Logistics,2025-11-14,2025-11-19,2025-11-19,250,250,0,Delivered
ORD00794,PRD004,Prime Battery Corp,2026-06-10,2026-06-24,2026-06-24,500,500,0,Delivered
ORD00795,PRD010,Global Screen Supply,2025-08-15,2025-08-29,2025-08-29,1000,1000,0,Delivered
ORD00796,PRD001,Nexus Logistics,2026-07-10,2026-07-15,2026-07-15,500,500,0,Delivered
ORD00797,PRD015,Apex Component Ltd,2025-11-13,2025-11-20,2025-11-20,1000,1000,34,Delivered
ORD00798,PRD003,Prime Battery Corp,2025-10-06,2025-10-11,2025-10-15,500,500,37,Delivered
ORD00799,PRD009,Prime Battery Corp,2026-05-26,2026-06-02,2026-06-02,100,100,0,Delivered
ORD00800,PRD010,Prime Battery Corp,2025-09-06,2025-09-13,2025-09-13,1000,1000,0,Delivered
